Times,Fold,T,Name Method,Name Function,SP,SE,Gmean,F1 Score,Accuracy,AUC,Ma tran nham lan
1,1,None,SVM,SVM,1.0,0.0,0.0,0.0,0.98,0.5,"[[343   0]
 [  7   0]]"
1,1,None,WSVM,WSVM,1.0,0.0,0.0,0.0,0.98,0.5,"[[343   0]
 [  7   0]]"
1,1,None,own_class_center,lin_center_own,0.9475218658892128,0.7142857142857143,0.8226793620712806,0.3333333333333333,0.9428571428571428,0.8309037900874636,"[[325  18]
 [  2   5]]"
1,1,None,own_class_center,exp,0.9416909620991254,0.7142857142857143,0.8201441345881681,0.3125,0.9371428571428572,0.8279883381924199,"[[323  20]
 [  2   5]]"
1,1,None,estimated_hyper_lin,lin_center_own,0.9416909620991254,0.7142857142857143,0.8201441345881681,0.3125,0.9371428571428572,0.8279883381924199,"[[323  20]
 [  2   5]]"
1,1,None,estimated_hyper_lin,exp,0.9358600583090378,0.5714285714285714,0.731284606823221,0.24242424242424246,0.9285714285714286,0.7536443148688047,"[[321  22]
 [  3   4]]"
1,1,None,actual_hyper_lin,lin_center_own,0.0029154518950437317,0.5714285714285714,0.04081632653061224,0.0226628895184136,0.014285714285714285,0.28717201166180756,"[[  1 342]
 [  3   4]]"
1,1,None,actual_hyper_lin,exp,0.9650145772594753,0.7142857142857143,0.8302385961962446,0.4166666666666667,0.96,0.8396501457725948,"[[331  12]
 [  2   5]]"
1,1,None,distance_center_own_opposite_tam,func_own_opp_new_v2,0.5743440233236151,1.0,0.7578548827602914,0.0875,0.5828571428571429,0.7871720116618076,"[[197 146]
 [  0   7]]"
1,1,1,own_class_center,lin_center_own,0.9591836734693877,0.7142857142857143,0.8277265220682958,0.3846153846153846,0.9542857142857143,0.8367346938775511,"[[329  14]
 [  2   5]]"
1,1,2,own_class_center,lin_center_own,0.9620991253644315,0.7142857142857143,0.8289835106771388,0.4,0.9571428571428572,0.838192419825073,"[[330  13]
 [  2   5]]"
1,1,3,own_class_center,lin_center_own,0.9620991253644315,0.7142857142857143,0.8289835106771388,0.4,0.9571428571428572,0.838192419825073,"[[330  13]
 [  2   5]]"
1,1,4,own_class_center,lin_center_own,0.9620991253644315,0.7142857142857143,0.8289835106771388,0.4,0.9571428571428572,0.838192419825073,"[[330  13]
 [  2   5]]"
1,1,5,own_class_center,lin_center_own,0.9620991253644315,0.7142857142857143,0.8289835106771388,0.4,0.9571428571428572,0.838192419825073,"[[330  13]
 [  2   5]]"
1,1,6,own_class_center,lin_center_own,0.9620991253644315,0.7142857142857143,0.8289835106771388,0.4,0.9571428571428572,0.838192419825073,"[[330  13]
 [  2   5]]"
1,1,7,own_class_center,lin_center_own,0.9620991253644315,0.7142857142857143,0.8289835106771388,0.4,0.9571428571428572,0.838192419825073,"[[330  13]
 [  2   5]]"
1,1,8,own_class_center,lin_center_own,0.9620991253644315,0.7142857142857143,0.8289835106771388,0.4,0.9571428571428572,0.838192419825073,"[[330  13]
 [  2   5]]"
1,1,9,own_class_center,lin_center_own,0.9620991253644315,0.7142857142857143,0.8289835106771388,0.4,0.9571428571428572,0.838192419825073,"[[330  13]
 [  2   5]]"
1,1,10,own_class_center,lin_center_own,0.9620991253644315,0.7142857142857143,0.8289835106771388,0.4,0.9571428571428572,0.838192419825073,"[[330  13]
 [  2   5]]"
1,1,11,own_class_center,lin_center_own,0.9620991253644315,0.7142857142857143,0.8289835106771388,0.4,0.9571428571428572,0.838192419825073,"[[330  13]
 [  2   5]]"
1,1,12,own_class_center,lin_center_own,0.9620991253644315,0.7142857142857143,0.8289835106771388,0.4,0.9571428571428572,0.838192419825073,"[[330  13]
 [  2   5]]"
1,1,13,own_class_center,lin_center_own,0.9620991253644315,0.7142857142857143,0.8289835106771388,0.4,0.9571428571428572,0.838192419825073,"[[330  13]
 [  2   5]]"
1,1,14,own_class_center,lin_center_own,0.9620991253644315,0.7142857142857143,0.8289835106771388,0.4,0.9571428571428572,0.838192419825073,"[[330  13]
 [  2   5]]"
1,1,15,own_class_center,lin_center_own,0.9620991253644315,0.7142857142857143,0.8289835106771388,0.4,0.9571428571428572,0.838192419825073,"[[330  13]
 [  2   5]]"
1,1,1,own_class_center,exp,0.9446064139941691,0.7142857142857143,0.8214127264284942,0.3225806451612903,0.94,0.8294460641399418,"[[324  19]
 [  2   5]]"
1,1,2,own_class_center,exp,0.9446064139941691,0.7142857142857143,0.8214127264284942,0.3225806451612903,0.94,0.8294460641399418,"[[324  19]
 [  2   5]]"
1,1,3,own_class_center,exp,0.9446064139941691,0.7142857142857143,0.8214127264284942,0.3225806451612903,0.94,0.8294460641399418,"[[324  19]
 [  2   5]]"
1,1,4,own_class_center,exp,0.9446064139941691,0.7142857142857143,0.8214127264284942,0.3225806451612903,0.94,0.8294460641399418,"[[324  19]
 [  2   5]]"
1,1,5,own_class_center,exp,0.9446064139941691,0.7142857142857143,0.8214127264284942,0.3225806451612903,0.94,0.8294460641399418,"[[324  19]
 [  2   5]]"
1,1,6,own_class_center,exp,0.9446064139941691,0.7142857142857143,0.8214127264284942,0.3225806451612903,0.94,0.8294460641399418,"[[324  19]
 [  2   5]]"
1,1,7,own_class_center,exp,0.9446064139941691,0.7142857142857143,0.8214127264284942,0.3225806451612903,0.94,0.8294460641399418,"[[324  19]
 [  2   5]]"
1,1,8,own_class_center,exp,0.9446064139941691,0.7142857142857143,0.8214127264284942,0.3225806451612903,0.94,0.8294460641399418,"[[324  19]
 [  2   5]]"
1,1,9,own_class_center,exp,0.9446064139941691,0.7142857142857143,0.8214127264284942,0.3225806451612903,0.94,0.8294460641399418,"[[324  19]
 [  2   5]]"
1,1,10,own_class_center,exp,0.9446064139941691,0.7142857142857143,0.8214127264284942,0.3225806451612903,0.94,0.8294460641399418,"[[324  19]
 [  2   5]]"
1,1,11,own_class_center,exp,0.9446064139941691,0.7142857142857143,0.8214127264284942,0.3225806451612903,0.94,0.8294460641399418,"[[324  19]
 [  2   5]]"
1,1,12,own_class_center,exp,0.9446064139941691,0.7142857142857143,0.8214127264284942,0.3225806451612903,0.94,0.8294460641399418,"[[324  19]
 [  2   5]]"
1,1,13,own_class_center,exp,0.9446064139941691,0.7142857142857143,0.8214127264284942,0.3225806451612903,0.94,0.8294460641399418,"[[324  19]
 [  2   5]]"
1,1,14,own_class_center,exp,0.9446064139941691,0.7142857142857143,0.8214127264284942,0.3225806451612903,0.94,0.8294460641399418,"[[324  19]
 [  2   5]]"
1,1,15,own_class_center,exp,0.9446064139941691,0.7142857142857143,0.8214127264284942,0.3225806451612903,0.94,0.8294460641399418,"[[324  19]
 [  2   5]]"
1,1,1,estimated_hyper_lin,lin_center_own,0.956268221574344,0.5714285714285714,0.73921511331734,0.3076923076923077,0.9485714285714286,0.7638483965014576,"[[328  15]
 [  3   4]]"
1,1,2,estimated_hyper_lin,lin_center_own,0.9591836734693877,0.5714285714285714,0.7403411080496757,0.32,0.9514285714285714,0.7653061224489794,"[[329  14]
 [  3   4]]"
1,1,3,estimated_hyper_lin,lin_center_own,0.9591836734693877,0.5714285714285714,0.7403411080496757,0.32,0.9514285714285714,0.7653061224489794,"[[329  14]
 [  3   4]]"
1,1,4,estimated_hyper_lin,lin_center_own,0.9591836734693877,0.5714285714285714,0.7403411080496757,0.32,0.9514285714285714,0.7653061224489794,"[[329  14]
 [  3   4]]"
1,1,5,estimated_hyper_lin,lin_center_own,0.9591836734693877,0.5714285714285714,0.7403411080496757,0.32,0.9514285714285714,0.7653061224489794,"[[329  14]
 [  3   4]]"
1,1,6,estimated_hyper_lin,lin_center_own,0.9591836734693877,0.5714285714285714,0.7403411080496757,0.32,0.9514285714285714,0.7653061224489794,"[[329  14]
 [  3   4]]"
1,1,7,estimated_hyper_lin,lin_center_own,0.9591836734693877,0.5714285714285714,0.7403411080496757,0.32,0.9514285714285714,0.7653061224489794,"[[329  14]
 [  3   4]]"
1,1,8,estimated_hyper_lin,lin_center_own,0.9591836734693877,0.5714285714285714,0.7403411080496757,0.32,0.9514285714285714,0.7653061224489794,"[[329  14]
 [  3   4]]"
1,1,9,estimated_hyper_lin,lin_center_own,0.9591836734693877,0.5714285714285714,0.7403411080496757,0.32,0.9514285714285714,0.7653061224489794,"[[329  14]
 [  3   4]]"
1,1,10,estimated_hyper_lin,lin_center_own,0.9591836734693877,0.5714285714285714,0.7403411080496757,0.32,0.9514285714285714,0.7653061224489794,"[[329  14]
 [  3   4]]"
1,1,11,estimated_hyper_lin,lin_center_own,0.9591836734693877,0.5714285714285714,0.7403411080496757,0.32,0.9514285714285714,0.7653061224489794,"[[329  14]
 [  3   4]]"
1,1,12,estimated_hyper_lin,lin_center_own,0.9591836734693877,0.5714285714285714,0.7403411080496757,0.32,0.9514285714285714,0.7653061224489794,"[[329  14]
 [  3   4]]"
1,1,13,estimated_hyper_lin,lin_center_own,0.9591836734693877,0.5714285714285714,0.7403411080496757,0.32,0.9514285714285714,0.7653061224489794,"[[329  14]
 [  3   4]]"
1,1,14,estimated_hyper_lin,lin_center_own,0.9591836734693877,0.5714285714285714,0.7403411080496757,0.32,0.9514285714285714,0.7653061224489794,"[[329  14]
 [  3   4]]"
1,1,15,estimated_hyper_lin,lin_center_own,0.9591836734693877,0.5714285714285714,0.7403411080496757,0.32,0.9514285714285714,0.7653061224489794,"[[329  14]
 [  3   4]]"
1,1,1,estimated_hyper_lin,exp,0.9446064139941691,0.5714285714285714,0.7346938775510204,0.26666666666666666,0.9371428571428572,0.7580174927113702,"[[324  19]
 [  3   4]]"
1,1,2,estimated_hyper_lin,exp,0.9533527696793003,0.42857142857142855,0.639202439321054,0.23076923076923078,0.9428571428571428,0.6909620991253644,"[[327  16]
 [  4   3]]"
1,1,3,estimated_hyper_lin,exp,0.956268221574344,0.42857142857142855,0.640179066994209,0.24,0.9457142857142857,0.6924198250728862,"[[328  15]
 [  4   3]]"
1,1,4,estimated_hyper_lin,exp,0.9620991253644315,0.42857142857142855,0.6421278662266234,0.26086956521739124,0.9514285714285714,0.6953352769679302,"[[330  13]
 [  4   3]]"
1,1,5,estimated_hyper_lin,exp,0.9620991253644315,0.42857142857142855,0.6421278662266234,0.26086956521739124,0.9514285714285714,0.6953352769679302,"[[330  13]
 [  4   3]]"
1,1,6,estimated_hyper_lin,exp,0.9620991253644315,0.42857142857142855,0.6421278662266234,0.26086956521739124,0.9514285714285714,0.6953352769679302,"[[330  13]
 [  4   3]]"
1,1,7,estimated_hyper_lin,exp,0.9620991253644315,0.42857142857142855,0.6421278662266234,0.26086956521739124,0.9514285714285714,0.6953352769679302,"[[330  13]
 [  4   3]]"
1,1,8,estimated_hyper_lin,exp,0.9650145772594753,0.42857142857142855,0.6431000512893359,0.27272727272727276,0.9542857142857143,0.696793002915452,"[[331  12]
 [  4   3]]"
1,1,9,estimated_hyper_lin,exp,0.9650145772594753,0.42857142857142855,0.6431000512893359,0.27272727272727276,0.9542857142857143,0.696793002915452,"[[331  12]
 [  4   3]]"
1,1,10,estimated_hyper_lin,exp,0.9650145772594753,0.42857142857142855,0.6431000512893359,0.27272727272727276,0.9542857142857143,0.696793002915452,"[[331  12]
 [  4   3]]"
1,1,11,estimated_hyper_lin,exp,0.9650145772594753,0.42857142857142855,0.6431000512893359,0.27272727272727276,0.9542857142857143,0.696793002915452,"[[331  12]
 [  4   3]]"
1,1,12,estimated_hyper_lin,exp,0.9650145772594753,0.42857142857142855,0.6431000512893359,0.27272727272727276,0.9542857142857143,0.696793002915452,"[[331  12]
 [  4   3]]"
1,1,13,estimated_hyper_lin,exp,0.9650145772594753,0.42857142857142855,0.6431000512893359,0.27272727272727276,0.9542857142857143,0.696793002915452,"[[331  12]
 [  4   3]]"
1,1,14,estimated_hyper_lin,exp,0.9650145772594753,0.42857142857142855,0.6431000512893359,0.27272727272727276,0.9542857142857143,0.696793002915452,"[[331  12]
 [  4   3]]"
1,1,15,estimated_hyper_lin,exp,0.9650145772594753,0.42857142857142855,0.6431000512893359,0.27272727272727276,0.9542857142857143,0.696793002915452,"[[331  12]
 [  4   3]]"
1,1,1,actual_hyper_lin,lin_center_own,0.008746355685131196,0.5714285714285714,0.07069595132934192,0.02279202279202279,0.02,0.2900874635568513,"[[  3 340]
 [  3   4]]"
1,1,2,actual_hyper_lin,lin_center_own,0.011661807580174927,0.5714285714285714,0.08163265306122448,0.022857142857142857,0.022857142857142857,0.29154518950437314,"[[  4 339]
 [  3   4]]"
1,1,3,actual_hyper_lin,lin_center_own,0.023323615160349854,0.42857142857142855,0.09997917317482359,0.017391304347826087,0.03142857142857143,0.2259475218658892,"[[  8 335]
 [  4   3]]"
1,1,4,actual_hyper_lin,lin_center_own,0.08746355685131195,0.42857142857142855,0.19360883633683953,0.018575851393188857,0.09428571428571429,0.2580174927113702,"[[ 30 313]
 [  4   3]]"
1,1,5,actual_hyper_lin,lin_center_own,0.11661807580174927,0.2857142857142857,0.18253616142855425,0.012820512820512822,0.12,0.2011661807580175,"[[ 40 303]
 [  5   2]]"
1,1,6,actual_hyper_lin,lin_center_own,0.30029154518950435,0.14285714285714285,0.20712023602229018,0.008064516129032258,0.29714285714285715,0.22157434402332363,"[[103 240]
 [  6   1]]"
1,1,7,actual_hyper_lin,lin_center_own,0.13994169096209913,0.2857142857142857,0.19995834634964718,0.013157894736842105,0.14285714285714285,0.2128279883381924,"[[ 48 295]
 [  5   2]]"
1,1,8,actual_hyper_lin,lin_center_own,0.10495626822157435,0.42857142857142855,0.2120878539880258,0.018927444794952678,0.11142857142857143,0.2667638483965014,"[[ 36 307]
 [  4   3]]"
1,1,9,actual_hyper_lin,lin_center_own,0.1457725947521866,0.14285714285714285,0.14430750636460152,0.006644518272425249,0.1457142857142857,0.14431486880466474,"[[ 50 293]
 [  6   1]]"
1,1,10,actual_hyper_lin,lin_center_own,0.37317784256559766,0.14285714285714285,0.23089201018336244,0.008968609865470852,0.36857142857142855,0.25801749271137026,"[[128 215]
 [  6   1]]"
1,1,11,actual_hyper_lin,lin_center_own,0.24198250728862974,0.14285714285714285,0.18592721590090405,0.007462686567164178,0.24,0.19241982507288627,"[[ 83 260]
 [  6   1]]"
1,1,12,actual_hyper_lin,lin_center_own,0.41690962099125367,0.0,0.0,0.0,0.4085714285714286,0.2084548104956268,"[[143 200]
 [  7   0]]"
1,1,13,actual_hyper_lin,lin_center_own,0.41690962099125367,0.0,0.0,0.0,0.4085714285714286,0.2084548104956268,"[[143 200]
 [  7   0]]"
1,1,14,actual_hyper_lin,lin_center_own,0.2565597667638484,0.14285714285714285,0.19144554121728283,0.0076045627376425855,0.2542857142857143,0.1997084548104956,"[[ 88 255]
 [  6   1]]"
1,1,15,actual_hyper_lin,lin_center_own,0.4606413994169096,0.0,0.0,0.0,0.4514285714285714,0.2303206997084548,"[[158 185]
 [  7   0]]"
1,1,1,actual_hyper_lin,exp,0.9650145772594753,0.7142857142857143,0.8302385961962446,0.4166666666666667,0.96,0.8396501457725948,"[[331  12]
 [  2   5]]"
1,1,2,actual_hyper_lin,exp,0.9650145772594753,0.7142857142857143,0.8302385961962446,0.4166666666666667,0.96,0.8396501457725948,"[[331  12]
 [  2   5]]"
1,1,3,actual_hyper_lin,exp,0.9650145772594753,0.7142857142857143,0.8302385961962446,0.4166666666666667,0.96,0.8396501457725948,"[[331  12]
 [  2   5]]"
1,1,4,actual_hyper_lin,exp,0.9650145772594753,0.7142857142857143,0.8302385961962446,0.4166666666666667,0.96,0.8396501457725948,"[[331  12]
 [  2   5]]"
1,1,5,actual_hyper_lin,exp,0.9650145772594753,0.7142857142857143,0.8302385961962446,0.4166666666666667,0.96,0.8396501457725948,"[[331  12]
 [  2   5]]"
1,1,6,actual_hyper_lin,exp,0.9650145772594753,0.7142857142857143,0.8302385961962446,0.4166666666666667,0.96,0.8396501457725948,"[[331  12]
 [  2   5]]"
1,1,7,actual_hyper_lin,exp,0.9650145772594753,0.7142857142857143,0.8302385961962446,0.4166666666666667,0.96,0.8396501457725948,"[[331  12]
 [  2   5]]"
1,1,8,actual_hyper_lin,exp,0.9650145772594753,0.7142857142857143,0.8302385961962446,0.4166666666666667,0.96,0.8396501457725948,"[[331  12]
 [  2   5]]"
1,1,9,actual_hyper_lin,exp,0.9650145772594753,0.7142857142857143,0.8302385961962446,0.4166666666666667,0.96,0.8396501457725948,"[[331  12]
 [  2   5]]"
1,1,10,actual_hyper_lin,exp,0.9650145772594753,0.7142857142857143,0.8302385961962446,0.4166666666666667,0.96,0.8396501457725948,"[[331  12]
 [  2   5]]"
1,1,11,actual_hyper_lin,exp,0.9650145772594753,0.7142857142857143,0.8302385961962446,0.4166666666666667,0.96,0.8396501457725948,"[[331  12]
 [  2   5]]"
1,1,12,actual_hyper_lin,exp,0.9650145772594753,0.7142857142857143,0.8302385961962446,0.4166666666666667,0.96,0.8396501457725948,"[[331  12]
 [  2   5]]"
1,1,13,actual_hyper_lin,exp,0.9650145772594753,0.7142857142857143,0.8302385961962446,0.4166666666666667,0.96,0.8396501457725948,"[[331  12]
 [  2   5]]"
1,1,14,actual_hyper_lin,exp,0.9650145772594753,0.7142857142857143,0.8302385961962446,0.4166666666666667,0.96,0.8396501457725948,"[[331  12]
 [  2   5]]"
1,1,15,actual_hyper_lin,exp,0.9650145772594753,0.7142857142857143,0.8302385961962446,0.4166666666666667,0.96,0.8396501457725948,"[[331  12]
 [  2   5]]"
1,1,1,distance_center_own_opposite_tam,func_own_opp_new_v2,0.5830903790087464,1.0,0.7636035483212126,0.089171974522293,0.5914285714285714,0.7915451895043731,"[[200 143]
 [  0   7]]"
1,1,2,distance_center_own_opposite_tam,func_own_opp_new_v2,0.6180758017492711,1.0,0.7861779707860499,0.09655172413793105,0.6257142857142857,0.8090379008746356,"[[212 131]
 [  0   7]]"
1,1,3,distance_center_own_opposite_tam,func_own_opp_new_v2,0.6180758017492711,1.0,0.7861779707860499,0.09655172413793105,0.6257142857142857,0.8090379008746356,"[[212 131]
 [  0   7]]"
1,1,4,distance_center_own_opposite_tam,func_own_opp_new_v2,0.6530612244897959,1.0,0.8081220356417685,0.10526315789473684,0.66,0.826530612244898,"[[224 119]
 [  0   7]]"
1,1,5,distance_center_own_opposite_tam,func_own_opp_new_v2,0.6880466472303207,0.8571428571428571,0.7679546009072155,0.09999999999999999,0.6914285714285714,0.7725947521865889,"[[236 107]
 [  1   6]]"
1,1,6,distance_center_own_opposite_tam,func_own_opp_new_v2,0.6268221574344023,1.0,0.7917210098477887,0.09859154929577466,0.6342857142857142,0.8134110787172012,"[[215 128]
 [  0   7]]"
1,1,7,distance_center_own_opposite_tam,func_own_opp_new_v2,0.6880466472303207,0.8571428571428571,0.7679546009072155,0.09999999999999999,0.6914285714285714,0.7725947521865889,"[[236 107]
 [  1   6]]"
1,1,8,distance_center_own_opposite_tam,func_own_opp_new_v2,0.685131195335277,0.8571428571428571,0.7663258512456566,0.09917355371900825,0.6885714285714286,0.7711370262390671,"[[235 108]
 [  1   6]]"
1,1,9,distance_center_own_opposite_tam,func_own_opp_new_v2,0.685131195335277,0.8571428571428571,0.7663258512456566,0.09917355371900825,0.6885714285714286,0.7711370262390671,"[[235 108]
 [  1   6]]"
1,1,10,distance_center_own_opposite_tam,func_own_opp_new_v2,0.6501457725947521,0.8571428571428571,0.7465037207417095,0.09022556390977444,0.6542857142857142,0.7536443148688046,"[[223 120]
 [  1   6]]"
1,1,11,distance_center_own_opposite_tam,func_own_opp_new_v2,0.4518950437317784,0.42857142857142855,0.4400787480173025,0.0303030303030303,0.4514285714285714,0.4402332361516035,"[[155 188]
 [  4   3]]"
1,1,12,distance_center_own_opposite_tam,func_own_opp_new_v2,0.6793002915451894,0.8571428571428571,0.7630579222791802,0.09756097560975609,0.6828571428571428,0.7682215743440234,"[[233 110]
 [  1   6]]"
1,1,13,distance_center_own_opposite_tam,func_own_opp_new_v2,0.6588921282798834,0.8571428571428571,0.7515082710008967,0.0923076923076923,0.6628571428571428,0.7580174927113703,"[[226 117]
 [  1   6]]"
1,1,14,distance_center_own_opposite_tam,func_own_opp_new_v2,0.6793002915451894,0.8571428571428571,0.7630579222791802,0.09756097560975609,0.6828571428571428,0.7682215743440234,"[[233 110]
 [  1   6]]"
1,1,15,distance_center_own_opposite_tam,func_own_opp_new_v2,0.6793002915451894,0.8571428571428571,0.7630579222791802,0.09756097560975609,0.6828571428571428,0.7682215743440234,"[[233 110]
 [  1   6]]"
1,2,None,SVM,SVM,1.0,0.0,0.0,0.0,0.98,0.5,"[[343   0]
 [  7   0]]"
1,2,None,WSVM,WSVM,1.0,0.0,0.0,0.0,0.98,0.5,"[[343   0]
 [  7   0]]"
1,2,None,own_class_center,lin_center_own,0.9708454810495627,0.2857142857142857,0.526672975533222,0.2105263157894737,0.9571428571428572,0.6282798833819242,"[[333  10]
 [  5   2]]"
1,2,None,own_class_center,exp,0.9212827988338192,0.2857142857142857,0.5130532689786341,0.1111111111111111,0.9085714285714286,0.6034985422740524,"[[316  27]
 [  5   2]]"
1,2,None,estimated_hyper_lin,lin_center_own,0.9795918367346939,0.14285714285714285,0.3740878118331298,0.13333333333333333,0.9628571428571429,0.5612244897959183,"[[336   7]
 [  6   1]]"
1,2,None,estimated_hyper_lin,exp,0.9358600583090378,0.14285714285714285,0.3656423034116105,0.06666666666666667,0.92,0.5393586005830904,"[[321  22]
 [  6   1]]"
1,2,None,actual_hyper_lin,lin_center_own,0.0,0.7142857142857143,0.0,0.02816901408450704,0.014285714285714285,0.35714285714285715,"[[  0 343]
 [  2   5]]"
1,2,None,actual_hyper_lin,exp,0.9825072886297376,0.14285714285714285,0.3746440765446085,0.14285714285714285,0.9657142857142857,0.5626822157434402,"[[337   6]
 [  6   1]]"
1,2,None,distance_center_own_opposite_tam,func_own_opp_new_v2,0.6180758017492711,0.7142857142857143,0.6644416569836615,0.06993006993006994,0.62,0.6661807580174928,"[[212 131]
 [  2   5]]"
1,2,1,own_class_center,lin_center_own,0.9620991253644315,0.5714285714285714,0.7414653928402021,0.3333333333333333,0.9542857142857143,0.7667638483965015,"[[330  13]
 [  3   4]]"
1,2,2,own_class_center,lin_center_own,0.967930029154519,0.5714285714285714,0.7437088636036162,0.36363636363636365,0.96,0.7696793002915452,"[[332  11]
 [  3   4]]"
1,2,3,own_class_center,lin_center_own,0.9620991253644315,0.5714285714285714,0.7414653928402021,0.3333333333333333,0.9542857142857143,0.7667638483965015,"[[330  13]
 [  3   4]]"
1,2,4,own_class_center,lin_center_own,0.9620991253644315,0.5714285714285714,0.7414653928402021,0.3333333333333333,0.9542857142857143,0.7667638483965015,"[[330  13]
 [  3   4]]"
1,2,5,own_class_center,lin_center_own,0.9620991253644315,0.5714285714285714,0.7414653928402021,0.3333333333333333,0.9542857142857143,0.7667638483965015,"[[330  13]
 [  3   4]]"
1,2,6,own_class_center,lin_center_own,0.9620991253644315,0.5714285714285714,0.7414653928402021,0.3333333333333333,0.9542857142857143,0.7667638483965015,"[[330  13]
 [  3   4]]"
1,2,7,own_class_center,lin_center_own,0.9620991253644315,0.5714285714285714,0.7414653928402021,0.3333333333333333,0.9542857142857143,0.7667638483965015,"[[330  13]
 [  3   4]]"
1,2,8,own_class_center,lin_center_own,0.9620991253644315,0.5714285714285714,0.7414653928402021,0.3333333333333333,0.9542857142857143,0.7667638483965015,"[[330  13]
 [  3   4]]"
1,2,9,own_class_center,lin_center_own,0.9620991253644315,0.5714285714285714,0.7414653928402021,0.3333333333333333,0.9542857142857143,0.7667638483965015,"[[330  13]
 [  3   4]]"
1,2,10,own_class_center,lin_center_own,0.9620991253644315,0.5714285714285714,0.7414653928402021,0.3333333333333333,0.9542857142857143,0.7667638483965015,"[[330  13]
 [  3   4]]"
1,2,11,own_class_center,lin_center_own,0.9620991253644315,0.5714285714285714,0.7414653928402021,0.3333333333333333,0.9542857142857143,0.7667638483965015,"[[330  13]
 [  3   4]]"
1,2,12,own_class_center,lin_center_own,0.9620991253644315,0.5714285714285714,0.7414653928402021,0.3333333333333333,0.9542857142857143,0.7667638483965015,"[[330  13]
 [  3   4]]"
1,2,13,own_class_center,lin_center_own,0.9620991253644315,0.5714285714285714,0.7414653928402021,0.3333333333333333,0.9542857142857143,0.7667638483965015,"[[330  13]
 [  3   4]]"
1,2,14,own_class_center,lin_center_own,0.9620991253644315,0.5714285714285714,0.7414653928402021,0.3333333333333333,0.9542857142857143,0.7667638483965015,"[[330  13]
 [  3   4]]"
1,2,15,own_class_center,lin_center_own,0.9620991253644315,0.5714285714285714,0.7414653928402021,0.3333333333333333,0.9542857142857143,0.7667638483965015,"[[330  13]
 [  3   4]]"
1,2,1,own_class_center,exp,0.9271137026239067,0.42857142857142855,0.6303447025094082,0.17142857142857143,0.9171428571428571,0.6778425655976676,"[[318  25]
 [  4   3]]"
1,2,2,own_class_center,exp,0.9329446064139941,0.42857142857142855,0.6323238116257007,0.18181818181818182,0.9228571428571428,0.6807580174927114,"[[320  23]
 [  4   3]]"
1,2,3,own_class_center,exp,0.9358600583090378,0.42857142857142855,0.6333110469054245,0.1875,0.9257142857142857,0.6822157434402333,"[[321  22]
 [  4   3]]"
1,2,4,own_class_center,exp,0.9387755102040817,0.42857142857142855,0.6342967456293899,0.19354838709677416,0.9285714285714286,0.6836734693877552,"[[322  21]
 [  4   3]]"
1,2,5,own_class_center,exp,0.9387755102040817,0.42857142857142855,0.6342967456293899,0.19354838709677416,0.9285714285714286,0.6836734693877552,"[[322  21]
 [  4   3]]"
1,2,6,own_class_center,exp,0.9387755102040817,0.42857142857142855,0.6342967456293899,0.19354838709677416,0.9285714285714286,0.6836734693877552,"[[322  21]
 [  4   3]]"
1,2,7,own_class_center,exp,0.9387755102040817,0.42857142857142855,0.6342967456293899,0.19354838709677416,0.9285714285714286,0.6836734693877552,"[[322  21]
 [  4   3]]"
1,2,8,own_class_center,exp,0.9387755102040817,0.42857142857142855,0.6342967456293899,0.19354838709677416,0.9285714285714286,0.6836734693877552,"[[322  21]
 [  4   3]]"
1,2,9,own_class_center,exp,0.9387755102040817,0.42857142857142855,0.6342967456293899,0.19354838709677416,0.9285714285714286,0.6836734693877552,"[[322  21]
 [  4   3]]"
1,2,10,own_class_center,exp,0.9387755102040817,0.42857142857142855,0.6342967456293899,0.19354838709677416,0.9285714285714286,0.6836734693877552,"[[322  21]
 [  4   3]]"
1,2,11,own_class_center,exp,0.9387755102040817,0.42857142857142855,0.6342967456293899,0.19354838709677416,0.9285714285714286,0.6836734693877552,"[[322  21]
 [  4   3]]"
1,2,12,own_class_center,exp,0.9387755102040817,0.42857142857142855,0.6342967456293899,0.19354838709677416,0.9285714285714286,0.6836734693877552,"[[322  21]
 [  4   3]]"
1,2,13,own_class_center,exp,0.9387755102040817,0.42857142857142855,0.6342967456293899,0.19354838709677416,0.9285714285714286,0.6836734693877552,"[[322  21]
 [  4   3]]"
1,2,14,own_class_center,exp,0.9387755102040817,0.42857142857142855,0.6342967456293899,0.19354838709677416,0.9285714285714286,0.6836734693877552,"[[322  21]
 [  4   3]]"
1,2,15,own_class_center,exp,0.9387755102040817,0.42857142857142855,0.6342967456293899,0.19354838709677416,0.9285714285714286,0.6836734693877552,"[[322  21]
 [  4   3]]"
1,2,1,estimated_hyper_lin,lin_center_own,0.9708454810495627,0.5714285714285714,0.7448280649344758,0.38095238095238093,0.9628571428571429,0.771137026239067,"[[333  10]
 [  3   4]]"
1,2,2,estimated_hyper_lin,lin_center_own,0.967930029154519,0.5714285714285714,0.7437088636036162,0.36363636363636365,0.96,0.7696793002915452,"[[332  11]
 [  3   4]]"
1,2,3,estimated_hyper_lin,lin_center_own,0.967930029154519,0.5714285714285714,0.7437088636036162,0.36363636363636365,0.96,0.7696793002915452,"[[332  11]
 [  3   4]]"
1,2,4,estimated_hyper_lin,lin_center_own,0.9650145772594753,0.5714285714285714,0.7425879754555205,0.34782608695652173,0.9571428571428572,0.7682215743440234,"[[331  12]
 [  3   4]]"
1,2,5,estimated_hyper_lin,lin_center_own,0.9650145772594753,0.5714285714285714,0.7425879754555205,0.34782608695652173,0.9571428571428572,0.7682215743440234,"[[331  12]
 [  3   4]]"
1,2,6,estimated_hyper_lin,lin_center_own,0.9650145772594753,0.5714285714285714,0.7425879754555205,0.34782608695652173,0.9571428571428572,0.7682215743440234,"[[331  12]
 [  3   4]]"
1,2,7,estimated_hyper_lin,lin_center_own,0.9650145772594753,0.5714285714285714,0.7425879754555205,0.34782608695652173,0.9571428571428572,0.7682215743440234,"[[331  12]
 [  3   4]]"
1,2,8,estimated_hyper_lin,lin_center_own,0.9650145772594753,0.5714285714285714,0.7425879754555205,0.34782608695652173,0.9571428571428572,0.7682215743440234,"[[331  12]
 [  3   4]]"
1,2,9,estimated_hyper_lin,lin_center_own,0.9650145772594753,0.5714285714285714,0.7425879754555205,0.34782608695652173,0.9571428571428572,0.7682215743440234,"[[331  12]
 [  3   4]]"
1,2,10,estimated_hyper_lin,lin_center_own,0.9650145772594753,0.5714285714285714,0.7425879754555205,0.34782608695652173,0.9571428571428572,0.7682215743440234,"[[331  12]
 [  3   4]]"
1,2,11,estimated_hyper_lin,lin_center_own,0.9650145772594753,0.5714285714285714,0.7425879754555205,0.34782608695652173,0.9571428571428572,0.7682215743440234,"[[331  12]
 [  3   4]]"
1,2,12,estimated_hyper_lin,lin_center_own,0.9650145772594753,0.5714285714285714,0.7425879754555205,0.34782608695652173,0.9571428571428572,0.7682215743440234,"[[331  12]
 [  3   4]]"
1,2,13,estimated_hyper_lin,lin_center_own,0.9650145772594753,0.5714285714285714,0.7425879754555205,0.34782608695652173,0.9571428571428572,0.7682215743440234,"[[331  12]
 [  3   4]]"
1,2,14,estimated_hyper_lin,lin_center_own,0.9650145772594753,0.5714285714285714,0.7425879754555205,0.34782608695652173,0.9571428571428572,0.7682215743440234,"[[331  12]
 [  3   4]]"
1,2,15,estimated_hyper_lin,lin_center_own,0.9650145772594753,0.5714285714285714,0.7425879754555205,0.34782608695652173,0.9571428571428572,0.7682215743440234,"[[331  12]
 [  3   4]]"
1,2,1,estimated_hyper_lin,exp,0.9387755102040817,0.14285714285714285,0.36621139683523185,0.06896551724137931,0.9228571428571428,0.5408163265306123,"[[322  21]
 [  6   1]]"
1,2,2,estimated_hyper_lin,exp,0.9358600583090378,0.14285714285714285,0.3656423034116105,0.06666666666666667,0.92,0.5393586005830904,"[[321  22]
 [  6   1]]"
1,2,3,estimated_hyper_lin,exp,0.9358600583090378,0.14285714285714285,0.3656423034116105,0.06666666666666667,0.92,0.5393586005830904,"[[321  22]
 [  6   1]]"
1,2,4,estimated_hyper_lin,exp,0.9387755102040817,0.14285714285714285,0.36621139683523185,0.06896551724137931,0.9228571428571428,0.5408163265306123,"[[322  21]
 [  6   1]]"
1,2,5,estimated_hyper_lin,exp,0.9387755102040817,0.14285714285714285,0.36621139683523185,0.06896551724137931,0.9228571428571428,0.5408163265306123,"[[322  21]
 [  6   1]]"
1,2,6,estimated_hyper_lin,exp,0.9358600583090378,0.14285714285714285,0.3656423034116105,0.06666666666666667,0.92,0.5393586005830904,"[[321  22]
 [  6   1]]"
1,2,7,estimated_hyper_lin,exp,0.9358600583090378,0.14285714285714285,0.3656423034116105,0.06666666666666667,0.92,0.5393586005830904,"[[321  22]
 [  6   1]]"
1,2,8,estimated_hyper_lin,exp,0.9358600583090378,0.14285714285714285,0.3656423034116105,0.06666666666666667,0.92,0.5393586005830904,"[[321  22]
 [  6   1]]"
1,2,9,estimated_hyper_lin,exp,0.9358600583090378,0.14285714285714285,0.3656423034116105,0.06666666666666667,0.92,0.5393586005830904,"[[321  22]
 [  6   1]]"
1,2,10,estimated_hyper_lin,exp,0.9358600583090378,0.14285714285714285,0.3656423034116105,0.06666666666666667,0.92,0.5393586005830904,"[[321  22]
 [  6   1]]"
1,2,11,estimated_hyper_lin,exp,0.9416909620991254,0.14285714285714285,0.3667796072573761,0.07142857142857142,0.9257142857142857,0.5422740524781341,"[[323  20]
 [  6   1]]"
1,2,12,estimated_hyper_lin,exp,0.9416909620991254,0.14285714285714285,0.3667796072573761,0.07142857142857142,0.9257142857142857,0.5422740524781341,"[[323  20]
 [  6   1]]"
1,2,13,estimated_hyper_lin,exp,0.9416909620991254,0.14285714285714285,0.3667796072573761,0.07142857142857142,0.9257142857142857,0.5422740524781341,"[[323  20]
 [  6   1]]"
1,2,14,estimated_hyper_lin,exp,0.9416909620991254,0.14285714285714285,0.3667796072573761,0.07142857142857142,0.9257142857142857,0.5422740524781341,"[[323  20]
 [  6   1]]"
1,2,15,estimated_hyper_lin,exp,0.9416909620991254,0.14285714285714285,0.3667796072573761,0.07142857142857142,0.9257142857142857,0.5422740524781341,"[[323  20]
 [  6   1]]"
1,2,1,actual_hyper_lin,lin_center_own,0.01749271137026239,0.7142857142857143,0.11178011377656451,0.028653295128939826,0.03142857142857143,0.36588921282798836,"[[  6 337]
 [  2   5]]"
1,2,2,actual_hyper_lin,lin_center_own,0.01749271137026239,0.7142857142857143,0.11178011377656451,0.028653295128939826,0.03142857142857143,0.36588921282798836,"[[  6 337]
 [  2   5]]"
1,2,3,actual_hyper_lin,lin_center_own,0.0,0.8571428571428571,0.0,0.03370786516853933,0.017142857142857144,0.42857142857142855,"[[  0 343]
 [  1   6]]"
1,2,4,actual_hyper_lin,lin_center_own,0.0728862973760933,0.5714285714285714,0.20408163265306123,0.0243161094224924,0.08285714285714285,0.32215743440233235,"[[ 25 318]
 [  3   4]]"
1,2,5,actual_hyper_lin,lin_center_own,0.09329446064139942,0.2857142857142857,0.16326530612244897,0.0125,0.09714285714285714,0.18950437317784258,"[[ 32 311]
 [  5   2]]"
1,2,6,actual_hyper_lin,lin_center_own,0.061224489795918366,0.5714285714285714,0.1870439059165649,0.024024024024024024,0.07142857142857142,0.31632653061224486,"[[ 21 322]
 [  3   4]]"
1,2,7,actual_hyper_lin,lin_center_own,0.13994169096209913,0.2857142857142857,0.19995834634964718,0.013157894736842105,0.14285714285714285,0.2128279883381924,"[[ 48 295]
 [  5   2]]"
1,2,8,actual_hyper_lin,lin_center_own,0.18075801749271136,0.2857142857142857,0.2272556882787764,0.013793103448275864,0.18285714285714286,0.23323615160349853,"[[ 62 281]
 [  5   2]]"
1,2,9,actual_hyper_lin,lin_center_own,0.4606413994169096,0.0,0.0,0.0,0.4514285714285714,0.2303206997084548,"[[158 185]
 [  7   0]]"
1,2,10,actual_hyper_lin,lin_center_own,0.23615160349854228,0.2857142857142857,0.2597535114562828,0.014760147601476016,0.23714285714285716,0.2609329446064139,"[[ 81 262]
 [  5   2]]"
1,2,11,actual_hyper_lin,lin_center_own,0.5043731778425656,0.0,0.0,0.0,0.4942857142857143,0.25218658892128276,"[[173 170]
 [  7   0]]"
1,2,12,actual_hyper_lin,lin_center_own,0.5160349854227405,0.0,0.0,0.0,0.5057142857142857,0.25801749271137026,"[[177 166]
 [  7   0]]"
1,2,13,actual_hyper_lin,lin_center_own,0.5889212827988338,0.0,0.0,0.0,0.5771428571428572,0.2944606413994169,"[[202 141]
 [  7   0]]"
1,2,14,actual_hyper_lin,lin_center_own,0.6151603498542274,0.0,0.0,0.0,0.6028571428571429,0.3075801749271137,"[[211 132]
 [  7   0]]"
1,2,15,actual_hyper_lin,lin_center_own,0.26822157434402333,0.2857142857142857,0.27682979522960277,0.015384615384615384,0.26857142857142857,0.2769679300291545,"[[ 92 251]
 [  5   2]]"
1,2,1,actual_hyper_lin,exp,0.967930029154519,0.5714285714285714,0.7437088636036162,0.36363636363636365,0.96,0.7696793002915452,"[[332  11]
 [  3   4]]"
1,2,2,actual_hyper_lin,exp,0.967930029154519,0.5714285714285714,0.7437088636036162,0.36363636363636365,0.96,0.7696793002915452,"[[332  11]
 [  3   4]]"
1,2,3,actual_hyper_lin,exp,0.967930029154519,0.5714285714285714,0.7437088636036162,0.36363636363636365,0.96,0.7696793002915452,"[[332  11]
 [  3   4]]"
1,2,4,actual_hyper_lin,exp,0.967930029154519,0.5714285714285714,0.7437088636036162,0.36363636363636365,0.96,0.7696793002915452,"[[332  11]
 [  3   4]]"
1,2,5,actual_hyper_lin,exp,0.967930029154519,0.5714285714285714,0.7437088636036162,0.36363636363636365,0.96,0.7696793002915452,"[[332  11]
 [  3   4]]"
1,2,6,actual_hyper_lin,exp,0.967930029154519,0.5714285714285714,0.7437088636036162,0.36363636363636365,0.96,0.7696793002915452,"[[332  11]
 [  3   4]]"
1,2,7,actual_hyper_lin,exp,0.967930029154519,0.5714285714285714,0.7437088636036162,0.36363636363636365,0.96,0.7696793002915452,"[[332  11]
 [  3   4]]"
1,2,8,actual_hyper_lin,exp,0.9650145772594753,0.5714285714285714,0.7425879754555205,0.34782608695652173,0.9571428571428572,0.7682215743440234,"[[331  12]
 [  3   4]]"
1,2,9,actual_hyper_lin,exp,0.967930029154519,0.5714285714285714,0.7437088636036162,0.36363636363636365,0.96,0.7696793002915452,"[[332  11]
 [  3   4]]"
1,2,10,actual_hyper_lin,exp,0.967930029154519,0.5714285714285714,0.7437088636036162,0.36363636363636365,0.96,0.7696793002915452,"[[332  11]
 [  3   4]]"
1,2,11,actual_hyper_lin,exp,0.967930029154519,0.5714285714285714,0.7437088636036162,0.36363636363636365,0.96,0.7696793002915452,"[[332  11]
 [  3   4]]"
1,2,12,actual_hyper_lin,exp,0.967930029154519,0.5714285714285714,0.7437088636036162,0.36363636363636365,0.96,0.7696793002915452,"[[332  11]
 [  3   4]]"
1,2,13,actual_hyper_lin,exp,0.967930029154519,0.5714285714285714,0.7437088636036162,0.36363636363636365,0.96,0.7696793002915452,"[[332  11]
 [  3   4]]"
1,2,14,actual_hyper_lin,exp,0.967930029154519,0.5714285714285714,0.7437088636036162,0.36363636363636365,0.96,0.7696793002915452,"[[332  11]
 [  3   4]]"
1,2,15,actual_hyper_lin,exp,0.967930029154519,0.5714285714285714,0.7437088636036162,0.36363636363636365,0.96,0.7696793002915452,"[[332  11]
 [  3   4]]"
1,2,1,distance_center_own_opposite_tam,func_own_opp_new_v2,0.6180758017492711,0.7142857142857143,0.6644416569836615,0.06993006993006994,0.62,0.6661807580174928,"[[212 131]
 [  2   5]]"
1,2,2,distance_center_own_opposite_tam,func_own_opp_new_v2,0.6180758017492711,0.7142857142857143,0.6644416569836615,0.06993006993006994,0.62,0.6661807580174928,"[[212 131]
 [  2   5]]"
1,2,3,distance_center_own_opposite_tam,func_own_opp_new_v2,0.6239067055393586,0.7142857142857143,0.6675684585222909,0.07092198581560283,0.6257142857142857,0.6690962099125364,"[[214 129]
 [  2   5]]"
1,2,4,distance_center_own_opposite_tam,func_own_opp_new_v2,0.6268221574344023,0.7142857142857143,0.6691263800308164,0.07142857142857142,0.6285714285714286,0.6705539358600585,"[[215 128]
 [  2   5]]"
1,2,5,distance_center_own_opposite_tam,func_own_opp_new_v2,0.6326530612244898,0.7142857142857143,0.6722313915102288,0.07246376811594205,0.6342857142857142,0.6734693877551021,"[[217 126]
 [  2   5]]"
1,2,6,distance_center_own_opposite_tam,func_own_opp_new_v2,0.6180758017492711,0.8571428571428571,0.7278593673521228,0.08333333333333334,0.6228571428571429,0.7376093294460642,"[[212 131]
 [  1   6]]"
1,2,7,distance_center_own_opposite_tam,func_own_opp_new_v2,0.6122448979591837,0.8571428571428571,0.7244179326244428,0.08219178082191782,0.6171428571428571,0.7346938775510203,"[[210 133]
 [  1   6]]"
1,2,8,distance_center_own_opposite_tam,func_own_opp_new_v2,0.6209912536443148,0.7142857142857143,0.6660068927379885,0.0704225352112676,0.6228571428571429,0.6676384839650146,"[[213 130]
 [  2   5]]"
1,2,9,distance_center_own_opposite_tam,func_own_opp_new_v2,0.6209912536443148,0.7142857142857143,0.6660068927379885,0.0704225352112676,0.6228571428571429,0.6676384839650146,"[[213 130]
 [  2   5]]"
1,2,10,distance_center_own_opposite_tam,func_own_opp_new_v2,0.6297376093294461,0.7142857142857143,0.6706806826593871,0.07194244604316546,0.6314285714285715,0.6720116618075802,"[[216 127]
 [  2   5]]"
1,2,11,distance_center_own_opposite_tam,func_own_opp_new_v2,0.6239067055393586,0.7142857142857143,0.6675684585222909,0.07092198581560283,0.6257142857142857,0.6690962099125364,"[[214 129]
 [  2   5]]"
1,2,12,distance_center_own_opposite_tam,func_own_opp_new_v2,0.6209912536443148,0.7142857142857143,0.6660068927379885,0.0704225352112676,0.6228571428571429,0.6676384839650146,"[[213 130]
 [  2   5]]"
1,2,13,distance_center_own_opposite_tam,func_own_opp_new_v2,0.6005830903790087,0.8571428571428571,0.7174855441325284,0.07999999999999999,0.6057142857142858,0.728862973760933,"[[206 137]
 [  1   6]]"
1,2,14,distance_center_own_opposite_tam,func_own_opp_new_v2,0.6209912536443148,0.7142857142857143,0.6660068927379885,0.0704225352112676,0.6228571428571429,0.6676384839650146,"[[213 130]
 [  2   5]]"
1,2,15,distance_center_own_opposite_tam,func_own_opp_new_v2,0.6209912536443148,0.7142857142857143,0.6660068927379885,0.0704225352112676,0.6228571428571429,0.6676384839650146,"[[213 130]
 [  2   5]]"
1,3,None,SVM,SVM,1.0,0.0,0.0,0.0,0.98,0.5,"[[343   0]
 [  7   0]]"
1,3,None,WSVM,WSVM,1.0,0.0,0.0,0.0,0.98,0.5,"[[343   0]
 [  7   0]]"
1,3,None,own_class_center,lin_center_own,0.9475218658892128,0.14285714285714285,0.3679133954555091,0.07692307692307693,0.9314285714285714,0.5451895043731778,"[[325  18]
 [  6   1]]"
1,3,None,own_class_center,exp,0.9125364431486881,0.5714285714285714,0.722114531140985,0.1951219512195122,0.9057142857142857,0.7419825072886297,"[[313  30]
 [  3   4]]"
1,3,None,estimated_hyper_lin,lin_center_own,0.9358600583090378,0.0,0.0,0.0,0.9171428571428571,0.467930029154519,"[[321  22]
 [  7   0]]"
1,3,None,estimated_hyper_lin,exp,0.924198250728863,0.42857142857142855,0.6293528140860928,0.16666666666666663,0.9142857142857143,0.6763848396501457,"[[317  26]
 [  4   3]]"
1,3,None,actual_hyper_lin,lin_center_own,0.793002915451895,0.5714285714285714,0.6731601021416589,0.0975609756097561,0.7885714285714286,0.6822157434402333,"[[272  71]
 [  3   4]]"
1,3,None,actual_hyper_lin,exp,0.9387755102040817,0.2857142857142857,0.5179011240999805,0.13333333333333333,0.9257142857142857,0.6122448979591836,"[[322  21]
 [  5   2]]"
1,3,None,distance_center_own_opposite_tam,func_own_opp_new_v2,0.5743440233236151,1.0,0.7578548827602914,0.0875,0.5828571428571429,0.7871720116618076,"[[197 146]
 [  0   7]]"
1,3,1,own_class_center,lin_center_own,0.9475218658892128,0.14285714285714285,0.3679133954555091,0.07692307692307693,0.9314285714285714,0.5451895043731778,"[[325  18]
 [  6   1]]"
1,3,2,own_class_center,lin_center_own,0.9475218658892128,0.0,0.0,0.0,0.9285714285714286,0.4737609329446064,"[[325  18]
 [  7   0]]"
1,3,3,own_class_center,lin_center_own,0.9358600583090378,0.0,0.0,0.0,0.9171428571428571,0.467930029154519,"[[321  22]
 [  7   0]]"
1,3,4,own_class_center,lin_center_own,0.9620991253644315,0.0,0.0,0.0,0.9428571428571428,0.48104956268221577,"[[330  13]
 [  7   0]]"
1,3,5,own_class_center,lin_center_own,0.9475218658892128,0.14285714285714285,0.3679133954555091,0.07692307692307693,0.9314285714285714,0.5451895043731778,"[[325  18]
 [  6   1]]"
1,3,6,own_class_center,lin_center_own,0.9475218658892128,0.14285714285714285,0.3679133954555091,0.07692307692307693,0.9314285714285714,0.5451895043731778,"[[325  18]
 [  6   1]]"
1,3,7,own_class_center,lin_center_own,0.9475218658892128,0.14285714285714285,0.3679133954555091,0.07692307692307693,0.9314285714285714,0.5451895043731778,"[[325  18]
 [  6   1]]"
1,3,8,own_class_center,lin_center_own,0.9475218658892128,0.14285714285714285,0.3679133954555091,0.07692307692307693,0.9314285714285714,0.5451895043731778,"[[325  18]
 [  6   1]]"
1,3,9,own_class_center,lin_center_own,0.9475218658892128,0.14285714285714285,0.3679133954555091,0.07692307692307693,0.9314285714285714,0.5451895043731778,"[[325  18]
 [  6   1]]"
1,3,10,own_class_center,lin_center_own,0.9475218658892128,0.14285714285714285,0.3679133954555091,0.07692307692307693,0.9314285714285714,0.5451895043731778,"[[325  18]
 [  6   1]]"
1,3,11,own_class_center,lin_center_own,0.9475218658892128,0.14285714285714285,0.3679133954555091,0.07692307692307693,0.9314285714285714,0.5451895043731778,"[[325  18]
 [  6   1]]"
1,3,12,own_class_center,lin_center_own,0.9475218658892128,0.14285714285714285,0.3679133954555091,0.07692307692307693,0.9314285714285714,0.5451895043731778,"[[325  18]
 [  6   1]]"
1,3,13,own_class_center,lin_center_own,0.9475218658892128,0.14285714285714285,0.3679133954555091,0.07692307692307693,0.9314285714285714,0.5451895043731778,"[[325  18]
 [  6   1]]"
1,3,14,own_class_center,lin_center_own,0.9475218658892128,0.14285714285714285,0.3679133954555091,0.07692307692307693,0.9314285714285714,0.5451895043731778,"[[325  18]
 [  6   1]]"
1,3,15,own_class_center,lin_center_own,0.9475218658892128,0.14285714285714285,0.3679133954555091,0.07692307692307693,0.9314285714285714,0.5451895043731778,"[[325  18]
 [  6   1]]"
1,3,1,own_class_center,exp,0.9183673469387755,0.42857142857142855,0.6273643326097713,0.15789473684210525,0.9085714285714286,0.6734693877551021,"[[315  28]
 [  4   3]]"
1,3,2,own_class_center,exp,0.9329446064139941,0.2857142857142857,0.5162902302315721,0.125,0.92,0.6093294460641399,"[[320  23]
 [  5   2]]"
1,3,3,own_class_center,exp,0.9329446064139941,0.2857142857142857,0.5162902302315721,0.125,0.92,0.6093294460641399,"[[320  23]
 [  5   2]]"
1,3,4,own_class_center,exp,0.9329446064139941,0.2857142857142857,0.5162902302315721,0.125,0.92,0.6093294460641399,"[[320  23]
 [  5   2]]"
1,3,5,own_class_center,exp,0.9329446064139941,0.2857142857142857,0.5162902302315721,0.125,0.92,0.6093294460641399,"[[320  23]
 [  5   2]]"
1,3,6,own_class_center,exp,0.9329446064139941,0.2857142857142857,0.5162902302315721,0.125,0.92,0.6093294460641399,"[[320  23]
 [  5   2]]"
1,3,7,own_class_center,exp,0.9358600583090378,0.2857142857142857,0.5170963044620378,0.12903225806451613,0.9228571428571428,0.6107871720116618,"[[321  22]
 [  5   2]]"
1,3,8,own_class_center,exp,0.9358600583090378,0.2857142857142857,0.5170963044620378,0.12903225806451613,0.9228571428571428,0.6107871720116618,"[[321  22]
 [  5   2]]"
1,3,9,own_class_center,exp,0.9358600583090378,0.2857142857142857,0.5170963044620378,0.12903225806451613,0.9228571428571428,0.6107871720116618,"[[321  22]
 [  5   2]]"
1,3,10,own_class_center,exp,0.9358600583090378,0.2857142857142857,0.5170963044620378,0.12903225806451613,0.9228571428571428,0.6107871720116618,"[[321  22]
 [  5   2]]"
1,3,11,own_class_center,exp,0.9358600583090378,0.2857142857142857,0.5170963044620378,0.12903225806451613,0.9228571428571428,0.6107871720116618,"[[321  22]
 [  5   2]]"
1,3,12,own_class_center,exp,0.9358600583090378,0.2857142857142857,0.5170963044620378,0.12903225806451613,0.9228571428571428,0.6107871720116618,"[[321  22]
 [  5   2]]"
1,3,13,own_class_center,exp,0.9358600583090378,0.2857142857142857,0.5170963044620378,0.12903225806451613,0.9228571428571428,0.6107871720116618,"[[321  22]
 [  5   2]]"
1,3,14,own_class_center,exp,0.9475218658892128,0.2857142857142857,0.5203081136319168,0.14814814814814817,0.9342857142857143,0.6166180758017492,"[[325  18]
 [  5   2]]"
1,3,15,own_class_center,exp,0.9475218658892128,0.2857142857142857,0.5203081136319168,0.14814814814814817,0.9342857142857143,0.6166180758017492,"[[325  18]
 [  5   2]]"
1,3,1,estimated_hyper_lin,lin_center_own,0.924198250728863,0.14285714285714285,0.3633570166278542,0.058823529411764705,0.9085714285714286,0.5335276967930028,"[[317  26]
 [  6   1]]"
1,3,2,estimated_hyper_lin,lin_center_own,0.9271137026239067,0.14285714285714285,0.3639296836760614,0.060606060606060615,0.9114285714285715,0.5349854227405247,"[[318  25]
 [  6   1]]"
1,3,3,estimated_hyper_lin,lin_center_own,0.9271137026239067,0.14285714285714285,0.3639296836760614,0.060606060606060615,0.9114285714285715,0.5349854227405247,"[[318  25]
 [  6   1]]"
1,3,4,estimated_hyper_lin,lin_center_own,0.9300291545189504,0.0,0.0,0.0,0.9114285714285715,0.4650145772594752,"[[319  24]
 [  7   0]]"
1,3,5,estimated_hyper_lin,lin_center_own,0.9300291545189504,0.0,0.0,0.0,0.9114285714285715,0.4650145772594752,"[[319  24]
 [  7   0]]"
1,3,6,estimated_hyper_lin,lin_center_own,0.9300291545189504,0.0,0.0,0.0,0.9114285714285715,0.4650145772594752,"[[319  24]
 [  7   0]]"
1,3,7,estimated_hyper_lin,lin_center_own,0.9300291545189504,0.0,0.0,0.0,0.9114285714285715,0.4650145772594752,"[[319  24]
 [  7   0]]"
1,3,8,estimated_hyper_lin,lin_center_own,0.9300291545189504,0.14285714285714285,0.3645014510100357,0.0625,0.9142857142857143,0.5364431486880465,"[[319  24]
 [  6   1]]"
1,3,9,estimated_hyper_lin,lin_center_own,0.9300291545189504,0.0,0.0,0.0,0.9114285714285715,0.4650145772594752,"[[319  24]
 [  7   0]]"
1,3,10,estimated_hyper_lin,lin_center_own,0.9300291545189504,0.0,0.0,0.0,0.9114285714285715,0.4650145772594752,"[[319  24]
 [  7   0]]"
1,3,11,estimated_hyper_lin,lin_center_own,0.9300291545189504,0.0,0.0,0.0,0.9114285714285715,0.4650145772594752,"[[319  24]
 [  7   0]]"
1,3,12,estimated_hyper_lin,lin_center_own,0.9300291545189504,0.0,0.0,0.0,0.9114285714285715,0.4650145772594752,"[[319  24]
 [  7   0]]"
1,3,13,estimated_hyper_lin,lin_center_own,0.9300291545189504,0.0,0.0,0.0,0.9114285714285715,0.4650145772594752,"[[319  24]
 [  7   0]]"
1,3,14,estimated_hyper_lin,lin_center_own,0.9300291545189504,0.0,0.0,0.0,0.9114285714285715,0.4650145772594752,"[[319  24]
 [  7   0]]"
1,3,15,estimated_hyper_lin,lin_center_own,0.9300291545189504,0.0,0.0,0.0,0.9114285714285715,0.4650145772594752,"[[319  24]
 [  7   0]]"
1,3,1,estimated_hyper_lin,exp,0.924198250728863,0.42857142857142855,0.6293528140860928,0.16666666666666663,0.9142857142857143,0.6763848396501457,"[[317  26]
 [  4   3]]"
1,3,2,estimated_hyper_lin,exp,0.9300291545189504,0.42857142857142855,0.63133503258196,0.17647058823529413,0.92,0.6793002915451894,"[[319  24]
 [  4   3]]"
1,3,3,estimated_hyper_lin,exp,0.9271137026239067,0.42857142857142855,0.6303447025094082,0.17142857142857143,0.9171428571428571,0.6778425655976676,"[[318  25]
 [  4   3]]"
1,3,4,estimated_hyper_lin,exp,0.9300291545189504,0.2857142857142857,0.5154828955230648,0.12121212121212123,0.9171428571428571,0.607871720116618,"[[319  24]
 [  5   2]]"
1,3,5,estimated_hyper_lin,exp,0.9300291545189504,0.2857142857142857,0.5154828955230648,0.12121212121212123,0.9171428571428571,0.607871720116618,"[[319  24]
 [  5   2]]"
1,3,6,estimated_hyper_lin,exp,0.9300291545189504,0.2857142857142857,0.5154828955230648,0.12121212121212123,0.9171428571428571,0.607871720116618,"[[319  24]
 [  5   2]]"
1,3,7,estimated_hyper_lin,exp,0.9300291545189504,0.2857142857142857,0.5154828955230648,0.12121212121212123,0.9171428571428571,0.607871720116618,"[[319  24]
 [  5   2]]"
1,3,8,estimated_hyper_lin,exp,0.9300291545189504,0.2857142857142857,0.5154828955230648,0.12121212121212123,0.9171428571428571,0.607871720116618,"[[319  24]
 [  5   2]]"
1,3,9,estimated_hyper_lin,exp,0.9300291545189504,0.2857142857142857,0.5154828955230648,0.12121212121212123,0.9171428571428571,0.607871720116618,"[[319  24]
 [  5   2]]"
1,3,10,estimated_hyper_lin,exp,0.9300291545189504,0.2857142857142857,0.5154828955230648,0.12121212121212123,0.9171428571428571,0.607871720116618,"[[319  24]
 [  5   2]]"
1,3,11,estimated_hyper_lin,exp,0.9329446064139941,0.2857142857142857,0.5162902302315721,0.125,0.92,0.6093294460641399,"[[320  23]
 [  5   2]]"
1,3,12,estimated_hyper_lin,exp,0.9300291545189504,0.2857142857142857,0.5154828955230648,0.12121212121212123,0.9171428571428571,0.607871720116618,"[[319  24]
 [  5   2]]"
1,3,13,estimated_hyper_lin,exp,0.9329446064139941,0.2857142857142857,0.5162902302315721,0.125,0.92,0.6093294460641399,"[[320  23]
 [  5   2]]"
1,3,14,estimated_hyper_lin,exp,0.9329446064139941,0.2857142857142857,0.5162902302315721,0.125,0.92,0.6093294460641399,"[[320  23]
 [  5   2]]"
1,3,15,estimated_hyper_lin,exp,0.9358600583090378,0.2857142857142857,0.5170963044620378,0.12903225806451613,0.9228571428571428,0.6107871720116618,"[[321  22]
 [  5   2]]"
1,3,1,actual_hyper_lin,lin_center_own,0.5889212827988338,1.0,0.7674120684474761,0.09032258064516129,0.5971428571428572,0.7944606413994169,"[[202 141]
 [  0   7]]"
1,3,2,actual_hyper_lin,lin_center_own,0.5889212827988338,1.0,0.7674120684474761,0.09032258064516129,0.5971428571428572,0.7944606413994169,"[[202 141]
 [  0   7]]"
1,3,3,actual_hyper_lin,lin_center_own,0.5889212827988338,1.0,0.7674120684474761,0.09032258064516129,0.5971428571428572,0.7944606413994169,"[[202 141]
 [  0   7]]"
1,3,4,actual_hyper_lin,lin_center_own,0.5889212827988338,1.0,0.7674120684474761,0.09032258064516129,0.5971428571428572,0.7944606413994169,"[[202 141]
 [  0   7]]"
1,3,5,actual_hyper_lin,lin_center_own,0.5889212827988338,1.0,0.7674120684474761,0.09032258064516129,0.5971428571428572,0.7944606413994169,"[[202 141]
 [  0   7]]"
1,3,6,actual_hyper_lin,lin_center_own,0.9533527696793003,0.14285714285714285,0.369043700408676,0.08333333333333333,0.9371428571428572,0.5481049562682215,"[[327  16]
 [  6   1]]"
1,3,7,actual_hyper_lin,lin_center_own,0.9446064139941691,0.2857142857142857,0.5195070229125656,0.14285714285714285,0.9314285714285714,0.6151603498542274,"[[324  19]
 [  5   2]]"
1,3,8,actual_hyper_lin,lin_center_own,0.9416909620991254,0.2857142857142857,0.5187046949852585,0.13793103448275862,0.9285714285714286,0.6137026239067055,"[[323  20]
 [  5   2]]"
1,3,9,actual_hyper_lin,lin_center_own,0.9416909620991254,0.2857142857142857,0.5187046949852585,0.13793103448275862,0.9285714285714286,0.6137026239067055,"[[323  20]
 [  5   2]]"
1,3,10,actual_hyper_lin,lin_center_own,0.9416909620991254,0.2857142857142857,0.5187046949852585,0.13793103448275862,0.9285714285714286,0.6137026239067055,"[[323  20]
 [  5   2]]"
1,3,11,actual_hyper_lin,lin_center_own,0.9387755102040817,0.2857142857142857,0.5179011240999805,0.13333333333333333,0.9257142857142857,0.6122448979591836,"[[322  21]
 [  5   2]]"
1,3,12,actual_hyper_lin,lin_center_own,0.9387755102040817,0.2857142857142857,0.5179011240999805,0.13333333333333333,0.9257142857142857,0.6122448979591836,"[[322  21]
 [  5   2]]"
1,3,13,actual_hyper_lin,lin_center_own,0.9387755102040817,0.2857142857142857,0.5179011240999805,0.13333333333333333,0.9257142857142857,0.6122448979591836,"[[322  21]
 [  5   2]]"
1,3,14,actual_hyper_lin,lin_center_own,0.9358600583090378,0.2857142857142857,0.5170963044620378,0.12903225806451613,0.9228571428571428,0.6107871720116618,"[[321  22]
 [  5   2]]"
1,3,15,actual_hyper_lin,lin_center_own,0.9358600583090378,0.2857142857142857,0.5170963044620378,0.12903225806451613,0.9228571428571428,0.6107871720116618,"[[321  22]
 [  5   2]]"
1,3,1,actual_hyper_lin,exp,0.9416909620991254,0.14285714285714285,0.3667796072573761,0.07142857142857142,0.9257142857142857,0.5422740524781341,"[[323  20]
 [  6   1]]"
1,3,2,actual_hyper_lin,exp,0.9358600583090378,0.14285714285714285,0.3656423034116105,0.06666666666666667,0.92,0.5393586005830904,"[[321  22]
 [  6   1]]"
1,3,3,actual_hyper_lin,exp,0.9358600583090378,0.14285714285714285,0.3656423034116105,0.06666666666666667,0.92,0.5393586005830904,"[[321  22]
 [  6   1]]"
1,3,4,actual_hyper_lin,exp,0.9358600583090378,0.14285714285714285,0.3656423034116105,0.06666666666666667,0.92,0.5393586005830904,"[[321  22]
 [  6   1]]"
1,3,5,actual_hyper_lin,exp,0.9387755102040817,0.14285714285714285,0.36621139683523185,0.06896551724137931,0.9228571428571428,0.5408163265306123,"[[322  21]
 [  6   1]]"
1,3,6,actual_hyper_lin,exp,0.9387755102040817,0.14285714285714285,0.36621139683523185,0.06896551724137931,0.9228571428571428,0.5408163265306123,"[[322  21]
 [  6   1]]"
1,3,7,actual_hyper_lin,exp,0.9387755102040817,0.14285714285714285,0.36621139683523185,0.06896551724137931,0.9228571428571428,0.5408163265306123,"[[322  21]
 [  6   1]]"
1,3,8,actual_hyper_lin,exp,0.9387755102040817,0.14285714285714285,0.36621139683523185,0.06896551724137931,0.9228571428571428,0.5408163265306123,"[[322  21]
 [  6   1]]"
1,3,9,actual_hyper_lin,exp,0.9387755102040817,0.14285714285714285,0.36621139683523185,0.06896551724137931,0.9228571428571428,0.5408163265306123,"[[322  21]
 [  6   1]]"
1,3,10,actual_hyper_lin,exp,0.9387755102040817,0.14285714285714285,0.36621139683523185,0.06896551724137931,0.9228571428571428,0.5408163265306123,"[[322  21]
 [  6   1]]"
1,3,11,actual_hyper_lin,exp,0.9387755102040817,0.14285714285714285,0.36621139683523185,0.06896551724137931,0.9228571428571428,0.5408163265306123,"[[322  21]
 [  6   1]]"
1,3,12,actual_hyper_lin,exp,0.9387755102040817,0.14285714285714285,0.36621139683523185,0.06896551724137931,0.9228571428571428,0.5408163265306123,"[[322  21]
 [  6   1]]"
1,3,13,actual_hyper_lin,exp,0.9387755102040817,0.14285714285714285,0.36621139683523185,0.06896551724137931,0.9228571428571428,0.5408163265306123,"[[322  21]
 [  6   1]]"
1,3,14,actual_hyper_lin,exp,0.9387755102040817,0.14285714285714285,0.36621139683523185,0.06896551724137931,0.9228571428571428,0.5408163265306123,"[[322  21]
 [  6   1]]"
1,3,15,actual_hyper_lin,exp,0.9387755102040817,0.14285714285714285,0.36621139683523185,0.06896551724137931,0.9228571428571428,0.5408163265306123,"[[322  21]
 [  6   1]]"
1,3,1,distance_center_own_opposite_tam,func_own_opp_new_v2,0.5889212827988338,1.0,0.7674120684474761,0.09032258064516129,0.5971428571428572,0.7944606413994169,"[[202 141]
 [  0   7]]"
1,3,2,distance_center_own_opposite_tam,func_own_opp_new_v2,0.5889212827988338,1.0,0.7674120684474761,0.09032258064516129,0.5971428571428572,0.7944606413994169,"[[202 141]
 [  0   7]]"
1,3,3,distance_center_own_opposite_tam,func_own_opp_new_v2,0.5393586005830904,1.0,0.7344103761406768,0.08139534883720931,0.5485714285714286,0.7696793002915452,"[[185 158]
 [  0   7]]"
1,3,4,distance_center_own_opposite_tam,func_own_opp_new_v2,0.5743440233236151,1.0,0.7578548827602914,0.0875,0.5828571428571429,0.7871720116618076,"[[197 146]
 [  0   7]]"
1,3,5,distance_center_own_opposite_tam,func_own_opp_new_v2,0.5889212827988338,1.0,0.7674120684474761,0.09032258064516129,0.5971428571428572,0.7944606413994169,"[[202 141]
 [  0   7]]"
1,3,6,distance_center_own_opposite_tam,func_own_opp_new_v2,0.5743440233236151,1.0,0.7578548827602914,0.0875,0.5828571428571429,0.7871720116618076,"[[197 146]
 [  0   7]]"
1,3,7,distance_center_own_opposite_tam,func_own_opp_new_v2,0.577259475218659,1.0,0.7597759375096443,0.0880503144654088,0.5857142857142857,0.7886297376093294,"[[198 145]
 [  0   7]]"
1,3,8,distance_center_own_opposite_tam,func_own_opp_new_v2,0.5743440233236151,1.0,0.7578548827602914,0.0875,0.5828571428571429,0.7871720116618076,"[[197 146]
 [  0   7]]"
1,3,9,distance_center_own_opposite_tam,func_own_opp_new_v2,0.5918367346938775,1.0,0.769309258162072,0.0909090909090909,0.6,0.7959183673469388,"[[203 140]
 [  0   7]]"
1,3,10,distance_center_own_opposite_tam,func_own_opp_new_v2,0.597667638483965,1.0,0.7730896704030943,0.09210526315789473,0.6057142857142858,0.7988338192419825,"[[205 138]
 [  0   7]]"
1,3,11,distance_center_own_opposite_tam,func_own_opp_new_v2,0.5743440233236151,1.0,0.7578548827602914,0.0875,0.5828571428571429,0.7871720116618076,"[[197 146]
 [  0   7]]"
1,3,12,distance_center_own_opposite_tam,func_own_opp_new_v2,0.5743440233236151,1.0,0.7578548827602914,0.0875,0.5828571428571429,0.7871720116618076,"[[197 146]
 [  0   7]]"
1,3,13,distance_center_own_opposite_tam,func_own_opp_new_v2,0.5422740524781341,1.0,0.7363925939864782,0.08187134502923978,0.5514285714285714,0.7711370262390671,"[[186 157]
 [  0   7]]"
1,3,14,distance_center_own_opposite_tam,func_own_opp_new_v2,0.5743440233236151,1.0,0.7578548827602914,0.0875,0.5828571428571429,0.7871720116618076,"[[197 146]
 [  0   7]]"
1,3,15,distance_center_own_opposite_tam,func_own_opp_new_v2,0.5801749271137027,1.0,0.7616921472049601,0.08860759493670886,0.5885714285714285,0.7900874635568513,"[[199 144]
 [  0   7]]"
1,4,None,SVM,SVM,1.0,0.0,0.0,0.0,0.98,0.5,"[[343   0]
 [  7   0]]"
1,4,None,WSVM,WSVM,1.0,0.0,0.0,0.0,0.98,0.5,"[[343   0]
 [  7   0]]"
1,4,None,own_class_center,lin_center_own,0.956268221574344,0.14285714285714285,0.36960755665867,0.08695652173913043,0.94,0.5495626822157433,"[[328  15]
 [  6   1]]"
1,4,None,own_class_center,exp,0.9504373177842566,0.2857142857142857,0.5211079728491308,0.15384615384615385,0.9371428571428572,0.6180758017492711,"[[326  17]
 [  5   2]]"
1,4,None,estimated_hyper_lin,lin_center_own,0.9533527696793003,0.14285714285714285,0.369043700408676,0.08333333333333333,0.9371428571428572,0.5481049562682215,"[[327  16]
 [  6   1]]"
1,4,None,estimated_hyper_lin,exp,0.9416909620991254,0.0,0.0,0.0,0.9228571428571428,0.4708454810495627,"[[323  20]
 [  7   0]]"
1,4,None,actual_hyper_lin,lin_center_own,0.0029154518950437317,1.0,0.05399492471560389,0.03932584269662922,0.022857142857142857,0.5014577259475219,"[[  1 342]
 [  0   7]]"
1,4,None,actual_hyper_lin,exp,0.9533527696793003,0.14285714285714285,0.369043700408676,0.08333333333333333,0.9371428571428572,0.5481049562682215,"[[327  16]
 [  6   1]]"
1,4,None,distance_center_own_opposite_tam,func_own_opp_new_v2,0.6180758017492711,1.0,0.7861779707860499,0.09655172413793105,0.6257142857142857,0.8090379008746356,"[[212 131]
 [  0   7]]"
1,4,1,own_class_center,lin_center_own,0.9533527696793003,0.14285714285714285,0.369043700408676,0.08333333333333333,0.9371428571428572,0.5481049562682215,"[[327  16]
 [  6   1]]"
1,4,2,own_class_center,lin_center_own,0.9533527696793003,0.14285714285714285,0.369043700408676,0.08333333333333333,0.9371428571428572,0.5481049562682215,"[[327  16]
 [  6   1]]"
1,4,3,own_class_center,lin_center_own,0.9504373177842566,0.14285714285714285,0.3684789813319957,0.08,0.9342857142857143,0.5466472303206997,"[[326  17]
 [  6   1]]"
1,4,4,own_class_center,lin_center_own,0.9504373177842566,0.14285714285714285,0.3684789813319957,0.08,0.9342857142857143,0.5466472303206997,"[[326  17]
 [  6   1]]"
1,4,5,own_class_center,lin_center_own,0.9504373177842566,0.14285714285714285,0.3684789813319957,0.08,0.9342857142857143,0.5466472303206997,"[[326  17]
 [  6   1]]"
1,4,6,own_class_center,lin_center_own,0.9533527696793003,0.14285714285714285,0.369043700408676,0.08333333333333333,0.9371428571428572,0.5481049562682215,"[[327  16]
 [  6   1]]"
1,4,7,own_class_center,lin_center_own,0.9533527696793003,0.14285714285714285,0.369043700408676,0.08333333333333333,0.9371428571428572,0.5481049562682215,"[[327  16]
 [  6   1]]"
1,4,8,own_class_center,lin_center_own,0.9533527696793003,0.14285714285714285,0.369043700408676,0.08333333333333333,0.9371428571428572,0.5481049562682215,"[[327  16]
 [  6   1]]"
1,4,9,own_class_center,lin_center_own,0.9533527696793003,0.14285714285714285,0.369043700408676,0.08333333333333333,0.9371428571428572,0.5481049562682215,"[[327  16]
 [  6   1]]"
1,4,10,own_class_center,lin_center_own,0.9533527696793003,0.14285714285714285,0.369043700408676,0.08333333333333333,0.9371428571428572,0.5481049562682215,"[[327  16]
 [  6   1]]"
1,4,11,own_class_center,lin_center_own,0.9533527696793003,0.14285714285714285,0.369043700408676,0.08333333333333333,0.9371428571428572,0.5481049562682215,"[[327  16]
 [  6   1]]"
1,4,12,own_class_center,lin_center_own,0.9533527696793003,0.14285714285714285,0.369043700408676,0.08333333333333333,0.9371428571428572,0.5481049562682215,"[[327  16]
 [  6   1]]"
1,4,13,own_class_center,lin_center_own,0.9533527696793003,0.14285714285714285,0.369043700408676,0.08333333333333333,0.9371428571428572,0.5481049562682215,"[[327  16]
 [  6   1]]"
1,4,14,own_class_center,lin_center_own,0.9533527696793003,0.14285714285714285,0.369043700408676,0.08333333333333333,0.9371428571428572,0.5481049562682215,"[[327  16]
 [  6   1]]"
1,4,15,own_class_center,lin_center_own,0.9533527696793003,0.14285714285714285,0.369043700408676,0.08333333333333333,0.9371428571428572,0.5481049562682215,"[[327  16]
 [  6   1]]"
1,4,1,own_class_center,exp,0.9416909620991254,0.2857142857142857,0.5187046949852585,0.13793103448275862,0.9285714285714286,0.6137026239067055,"[[323  20]
 [  5   2]]"
1,4,2,own_class_center,exp,0.9416909620991254,0.2857142857142857,0.5187046949852585,0.13793103448275862,0.9285714285714286,0.6137026239067055,"[[323  20]
 [  5   2]]"
1,4,3,own_class_center,exp,0.9416909620991254,0.2857142857142857,0.5187046949852585,0.13793103448275862,0.9285714285714286,0.6137026239067055,"[[323  20]
 [  5   2]]"
1,4,4,own_class_center,exp,0.9416909620991254,0.2857142857142857,0.5187046949852585,0.13793103448275862,0.9285714285714286,0.6137026239067055,"[[323  20]
 [  5   2]]"
1,4,5,own_class_center,exp,0.9416909620991254,0.2857142857142857,0.5187046949852585,0.13793103448275862,0.9285714285714286,0.6137026239067055,"[[323  20]
 [  5   2]]"
1,4,6,own_class_center,exp,0.9416909620991254,0.2857142857142857,0.5187046949852585,0.13793103448275862,0.9285714285714286,0.6137026239067055,"[[323  20]
 [  5   2]]"
1,4,7,own_class_center,exp,0.9416909620991254,0.2857142857142857,0.5187046949852585,0.13793103448275862,0.9285714285714286,0.6137026239067055,"[[323  20]
 [  5   2]]"
1,4,8,own_class_center,exp,0.9416909620991254,0.2857142857142857,0.5187046949852585,0.13793103448275862,0.9285714285714286,0.6137026239067055,"[[323  20]
 [  5   2]]"
1,4,9,own_class_center,exp,0.9416909620991254,0.2857142857142857,0.5187046949852585,0.13793103448275862,0.9285714285714286,0.6137026239067055,"[[323  20]
 [  5   2]]"
1,4,10,own_class_center,exp,0.9416909620991254,0.2857142857142857,0.5187046949852585,0.13793103448275862,0.9285714285714286,0.6137026239067055,"[[323  20]
 [  5   2]]"
1,4,11,own_class_center,exp,0.9446064139941691,0.2857142857142857,0.5195070229125656,0.14285714285714285,0.9314285714285714,0.6151603498542274,"[[324  19]
 [  5   2]]"
1,4,12,own_class_center,exp,0.9446064139941691,0.2857142857142857,0.5195070229125656,0.14285714285714285,0.9314285714285714,0.6151603498542274,"[[324  19]
 [  5   2]]"
1,4,13,own_class_center,exp,0.9446064139941691,0.2857142857142857,0.5195070229125656,0.14285714285714285,0.9314285714285714,0.6151603498542274,"[[324  19]
 [  5   2]]"
1,4,14,own_class_center,exp,0.9446064139941691,0.2857142857142857,0.5195070229125656,0.14285714285714285,0.9314285714285714,0.6151603498542274,"[[324  19]
 [  5   2]]"
1,4,15,own_class_center,exp,0.9446064139941691,0.2857142857142857,0.5195070229125656,0.14285714285714285,0.9314285714285714,0.6151603498542274,"[[324  19]
 [  5   2]]"
1,4,1,estimated_hyper_lin,lin_center_own,0.9591836734693877,0.0,0.0,0.0,0.94,0.47959183673469385,"[[329  14]
 [  7   0]]"
1,4,2,estimated_hyper_lin,lin_center_own,0.9620991253644315,0.14285714285714285,0.37073269642010104,0.09523809523809523,0.9457142857142857,0.5524781341107872,"[[330  13]
 [  6   1]]"
1,4,3,estimated_hyper_lin,lin_center_own,0.9591836734693877,0.14285714285714285,0.37017055402483784,0.09090909090909091,0.9428571428571428,0.5510204081632653,"[[329  14]
 [  6   1]]"
1,4,4,estimated_hyper_lin,lin_center_own,0.9591836734693877,0.14285714285714285,0.37017055402483784,0.09090909090909091,0.9428571428571428,0.5510204081632653,"[[329  14]
 [  6   1]]"
1,4,5,estimated_hyper_lin,lin_center_own,0.9620991253644315,0.14285714285714285,0.37073269642010104,0.09523809523809523,0.9457142857142857,0.5524781341107872,"[[330  13]
 [  6   1]]"
1,4,6,estimated_hyper_lin,lin_center_own,0.9620991253644315,0.14285714285714285,0.37073269642010104,0.09523809523809523,0.9457142857142857,0.5524781341107872,"[[330  13]
 [  6   1]]"
1,4,7,estimated_hyper_lin,lin_center_own,0.9620991253644315,0.14285714285714285,0.37073269642010104,0.09523809523809523,0.9457142857142857,0.5524781341107872,"[[330  13]
 [  6   1]]"
1,4,8,estimated_hyper_lin,lin_center_own,0.9591836734693877,0.14285714285714285,0.37017055402483784,0.09090909090909091,0.9428571428571428,0.5510204081632653,"[[329  14]
 [  6   1]]"
1,4,9,estimated_hyper_lin,lin_center_own,0.9591836734693877,0.14285714285714285,0.37017055402483784,0.09090909090909091,0.9428571428571428,0.5510204081632653,"[[329  14]
 [  6   1]]"
1,4,10,estimated_hyper_lin,lin_center_own,0.9591836734693877,0.14285714285714285,0.37017055402483784,0.09090909090909091,0.9428571428571428,0.5510204081632653,"[[329  14]
 [  6   1]]"
1,4,11,estimated_hyper_lin,lin_center_own,0.9591836734693877,0.14285714285714285,0.37017055402483784,0.09090909090909091,0.9428571428571428,0.5510204081632653,"[[329  14]
 [  6   1]]"
1,4,12,estimated_hyper_lin,lin_center_own,0.9591836734693877,0.14285714285714285,0.37017055402483784,0.09090909090909091,0.9428571428571428,0.5510204081632653,"[[329  14]
 [  6   1]]"
1,4,13,estimated_hyper_lin,lin_center_own,0.9591836734693877,0.14285714285714285,0.37017055402483784,0.09090909090909091,0.9428571428571428,0.5510204081632653,"[[329  14]
 [  6   1]]"
1,4,14,estimated_hyper_lin,lin_center_own,0.9591836734693877,0.14285714285714285,0.37017055402483784,0.09090909090909091,0.9428571428571428,0.5510204081632653,"[[329  14]
 [  6   1]]"
1,4,15,estimated_hyper_lin,lin_center_own,0.9591836734693877,0.14285714285714285,0.37017055402483784,0.09090909090909091,0.9428571428571428,0.5510204081632653,"[[329  14]
 [  6   1]]"
1,4,1,estimated_hyper_lin,exp,0.9475218658892128,0.0,0.0,0.0,0.9285714285714286,0.4737609329446064,"[[325  18]
 [  7   0]]"
1,4,2,estimated_hyper_lin,exp,0.9620991253644315,0.14285714285714285,0.37073269642010104,0.09523809523809523,0.9457142857142857,0.5524781341107872,"[[330  13]
 [  6   1]]"
1,4,3,estimated_hyper_lin,exp,0.9620991253644315,0.2857142857142857,0.5242952072924543,0.18181818181818182,0.9485714285714286,0.6239067055393586,"[[330  13]
 [  5   2]]"
1,4,4,estimated_hyper_lin,exp,0.9620991253644315,0.2857142857142857,0.5242952072924543,0.18181818181818182,0.9485714285714286,0.6239067055393586,"[[330  13]
 [  5   2]]"
1,4,5,estimated_hyper_lin,exp,0.9620991253644315,0.2857142857142857,0.5242952072924543,0.18181818181818182,0.9485714285714286,0.6239067055393586,"[[330  13]
 [  5   2]]"
1,4,6,estimated_hyper_lin,exp,0.9533527696793003,0.2857142857142857,0.5219066062263029,0.16,0.94,0.6195335276967929,"[[327  16]
 [  5   2]]"
1,4,7,estimated_hyper_lin,exp,0.9533527696793003,0.2857142857142857,0.5219066062263029,0.16,0.94,0.6195335276967929,"[[327  16]
 [  5   2]]"
1,4,8,estimated_hyper_lin,exp,0.9533527696793003,0.2857142857142857,0.5219066062263029,0.16,0.94,0.6195335276967929,"[[327  16]
 [  5   2]]"
1,4,9,estimated_hyper_lin,exp,0.9533527696793003,0.2857142857142857,0.5219066062263029,0.16,0.94,0.6195335276967929,"[[327  16]
 [  5   2]]"
1,4,10,estimated_hyper_lin,exp,0.9533527696793003,0.2857142857142857,0.5219066062263029,0.16,0.94,0.6195335276967929,"[[327  16]
 [  5   2]]"
1,4,11,estimated_hyper_lin,exp,0.9533527696793003,0.2857142857142857,0.5219066062263029,0.16,0.94,0.6195335276967929,"[[327  16]
 [  5   2]]"
1,4,12,estimated_hyper_lin,exp,0.9533527696793003,0.2857142857142857,0.5219066062263029,0.16,0.94,0.6195335276967929,"[[327  16]
 [  5   2]]"
1,4,13,estimated_hyper_lin,exp,0.9533527696793003,0.2857142857142857,0.5219066062263029,0.16,0.94,0.6195335276967929,"[[327  16]
 [  5   2]]"
1,4,14,estimated_hyper_lin,exp,0.9533527696793003,0.2857142857142857,0.5219066062263029,0.16,0.94,0.6195335276967929,"[[327  16]
 [  5   2]]"
1,4,15,estimated_hyper_lin,exp,0.9533527696793003,0.2857142857142857,0.5219066062263029,0.16,0.94,0.6195335276967929,"[[327  16]
 [  5   2]]"
1,4,1,actual_hyper_lin,lin_center_own,0.0029154518950437317,1.0,0.05399492471560389,0.03932584269662922,0.022857142857142857,0.5014577259475219,"[[  1 342]
 [  0   7]]"
1,4,2,actual_hyper_lin,lin_center_own,0.0029154518950437317,1.0,0.05399492471560389,0.03932584269662922,0.022857142857142857,0.5014577259475219,"[[  1 342]
 [  0   7]]"
1,4,3,actual_hyper_lin,lin_center_own,0.0029154518950437317,1.0,0.05399492471560389,0.03932584269662922,0.022857142857142857,0.5014577259475219,"[[  1 342]
 [  0   7]]"
1,4,4,actual_hyper_lin,lin_center_own,0.04956268221574344,0.8571428571428571,0.20611234568085873,0.035398230088495575,0.06571428571428571,0.45335276967930027,"[[ 17 326]
 [  1   6]]"
1,4,5,actual_hyper_lin,lin_center_own,0.2594752186588921,0.0,0.0,0.0,0.2542857142857143,0.12973760932944606,"[[ 89 254]
 [  7   0]]"
1,4,6,actual_hyper_lin,lin_center_own,0.13994169096209913,0.42857142857142855,0.24489795918367346,0.019672131147540982,0.1457142857142857,0.2842565597667638,"[[ 48 295]
 [  4   3]]"
1,4,7,actual_hyper_lin,lin_center_own,0.3848396501457726,0.0,0.0,0.0,0.37714285714285717,0.1924198250728863,"[[132 211]
 [  7   0]]"
1,4,8,actual_hyper_lin,lin_center_own,0.09329446064139942,0.5714285714285714,0.23089201018336244,0.02484472049689441,0.10285714285714286,0.3323615160349854,"[[ 32 311]
 [  3   4]]"
1,4,9,actual_hyper_lin,lin_center_own,0.4402332361516035,0.0,0.0,0.0,0.43142857142857144,0.22011661807580174,"[[151 192]
 [  7   0]]"
1,4,10,actual_hyper_lin,lin_center_own,0.44314868804664725,0.0,0.0,0.0,0.4342857142857143,0.2215743440233236,"[[152 191]
 [  7   0]]"
1,4,11,actual_hyper_lin,lin_center_own,0.29737609329446063,0.14285714285714285,0.20611234568085873,0.008032128514056226,0.29428571428571426,0.22011661807580177,"[[102 241]
 [  6   1]]"
1,4,12,actual_hyper_lin,lin_center_own,0.4518950437317784,0.0,0.0,0.0,0.44285714285714284,0.22594752186588923,"[[155 188]
 [  7   0]]"
1,4,13,actual_hyper_lin,lin_center_own,0.446064139941691,0.0,0.0,0.0,0.43714285714285717,0.22303206997084546,"[[153 190]
 [  7   0]]"
1,4,14,actual_hyper_lin,lin_center_own,0.31486880466472306,0.0,0.0,0.0,0.30857142857142855,0.1574344023323615,"[[108 235]
 [  7   0]]"
1,4,15,actual_hyper_lin,lin_center_own,0.4402332361516035,0.0,0.0,0.0,0.43142857142857144,0.22011661807580174,"[[151 192]
 [  7   0]]"
1,4,1,actual_hyper_lin,exp,0.956268221574344,0.14285714285714285,0.36960755665867,0.08695652173913043,0.94,0.5495626822157433,"[[328  15]
 [  6   1]]"
1,4,2,actual_hyper_lin,exp,0.956268221574344,0.0,0.0,0.0,0.9371428571428572,0.478134110787172,"[[328  15]
 [  7   0]]"
1,4,3,actual_hyper_lin,exp,0.9620991253644315,0.0,0.0,0.0,0.9428571428571428,0.48104956268221577,"[[330  13]
 [  7   0]]"
1,4,4,actual_hyper_lin,exp,0.9533527696793003,0.14285714285714285,0.369043700408676,0.08333333333333333,0.9371428571428572,0.5481049562682215,"[[327  16]
 [  6   1]]"
1,4,5,actual_hyper_lin,exp,0.956268221574344,0.14285714285714285,0.36960755665867,0.08695652173913043,0.94,0.5495626822157433,"[[328  15]
 [  6   1]]"
1,4,6,actual_hyper_lin,exp,0.9591836734693877,0.14285714285714285,0.37017055402483784,0.09090909090909091,0.9428571428571428,0.5510204081632653,"[[329  14]
 [  6   1]]"
1,4,7,actual_hyper_lin,exp,0.9591836734693877,0.14285714285714285,0.37017055402483784,0.09090909090909091,0.9428571428571428,0.5510204081632653,"[[329  14]
 [  6   1]]"
1,4,8,actual_hyper_lin,exp,0.9591836734693877,0.14285714285714285,0.37017055402483784,0.09090909090909091,0.9428571428571428,0.5510204081632653,"[[329  14]
 [  6   1]]"
1,4,9,actual_hyper_lin,exp,0.9591836734693877,0.14285714285714285,0.37017055402483784,0.09090909090909091,0.9428571428571428,0.5510204081632653,"[[329  14]
 [  6   1]]"
1,4,10,actual_hyper_lin,exp,0.9591836734693877,0.14285714285714285,0.37017055402483784,0.09090909090909091,0.9428571428571428,0.5510204081632653,"[[329  14]
 [  6   1]]"
1,4,11,actual_hyper_lin,exp,0.9591836734693877,0.14285714285714285,0.37017055402483784,0.09090909090909091,0.9428571428571428,0.5510204081632653,"[[329  14]
 [  6   1]]"
1,4,12,actual_hyper_lin,exp,0.9591836734693877,0.14285714285714285,0.37017055402483784,0.09090909090909091,0.9428571428571428,0.5510204081632653,"[[329  14]
 [  6   1]]"
1,4,13,actual_hyper_lin,exp,0.9591836734693877,0.14285714285714285,0.37017055402483784,0.09090909090909091,0.9428571428571428,0.5510204081632653,"[[329  14]
 [  6   1]]"
1,4,14,actual_hyper_lin,exp,0.9591836734693877,0.14285714285714285,0.37017055402483784,0.09090909090909091,0.9428571428571428,0.5510204081632653,"[[329  14]
 [  6   1]]"
1,4,15,actual_hyper_lin,exp,0.9591836734693877,0.14285714285714285,0.37017055402483784,0.09090909090909091,0.9428571428571428,0.5510204081632653,"[[329  14]
 [  6   1]]"
1,4,1,distance_center_own_opposite_tam,func_own_opp_new_v2,0.6239067055393586,1.0,0.7898776522597399,0.09790209790209789,0.6314285714285715,0.8119533527696793,"[[214 129]
 [  0   7]]"
1,4,2,distance_center_own_opposite_tam,func_own_opp_new_v2,0.565597667638484,1.0,0.7520622764362562,0.08588957055214723,0.5742857142857143,0.782798833819242,"[[194 149]
 [  0   7]]"
1,4,3,distance_center_own_opposite_tam,func_own_opp_new_v2,0.6297376093294461,1.0,0.7935600855193299,0.09929078014184396,0.6371428571428571,0.814868804664723,"[[216 127]
 [  0   7]]"
1,4,4,distance_center_own_opposite_tam,func_own_opp_new_v2,0.6122448979591837,1.0,0.7824607964359516,0.09523809523809523,0.62,0.8061224489795918,"[[210 133]
 [  0   7]]"
1,4,5,distance_center_own_opposite_tam,func_own_opp_new_v2,0.6326530612244898,1.0,0.7953949089757174,0.1,0.64,0.8163265306122449,"[[217 126]
 [  0   7]]"
1,4,6,distance_center_own_opposite_tam,func_own_opp_new_v2,0.597667638483965,1.0,0.7730896704030943,0.09210526315789473,0.6057142857142858,0.7988338192419825,"[[205 138]
 [  0   7]]"
1,4,7,distance_center_own_opposite_tam,func_own_opp_new_v2,0.6151603498542274,1.0,0.784321585737781,0.09589041095890412,0.6228571428571429,0.8075801749271136,"[[211 132]
 [  0   7]]"
1,4,8,distance_center_own_opposite_tam,func_own_opp_new_v2,0.6180758017492711,1.0,0.7861779707860499,0.09655172413793105,0.6257142857142857,0.8090379008746356,"[[212 131]
 [  0   7]]"
1,4,9,distance_center_own_opposite_tam,func_own_opp_new_v2,0.6297376093294461,1.0,0.7935600855193299,0.09929078014184396,0.6371428571428571,0.814868804664723,"[[216 127]
 [  0   7]]"
1,4,10,distance_center_own_opposite_tam,func_own_opp_new_v2,0.6297376093294461,1.0,0.7935600855193299,0.09929078014184396,0.6371428571428571,0.814868804664723,"[[216 127]
 [  0   7]]"
1,4,11,distance_center_own_opposite_tam,func_own_opp_new_v2,0.6268221574344023,1.0,0.7917210098477887,0.09859154929577466,0.6342857142857142,0.8134110787172012,"[[215 128]
 [  0   7]]"
1,4,12,distance_center_own_opposite_tam,func_own_opp_new_v2,0.6209912536443148,1.0,0.7880299827064418,0.09722222222222222,0.6285714285714286,0.8104956268221575,"[[213 130]
 [  0   7]]"
1,4,13,distance_center_own_opposite_tam,func_own_opp_new_v2,0.6180758017492711,1.0,0.7861779707860499,0.09655172413793105,0.6257142857142857,0.8090379008746356,"[[212 131]
 [  0   7]]"
1,4,14,distance_center_own_opposite_tam,func_own_opp_new_v2,0.6268221574344023,1.0,0.7917210098477887,0.09859154929577466,0.6342857142857142,0.8134110787172012,"[[215 128]
 [  0   7]]"
1,4,15,distance_center_own_opposite_tam,func_own_opp_new_v2,0.6297376093294461,1.0,0.7935600855193299,0.09929078014184396,0.6371428571428571,0.814868804664723,"[[216 127]
 [  0   7]]"
1,5,None,SVM,SVM,1.0,0.0,0.0,0.0,0.98,0.5,"[[343   0]
 [  7   0]]"
1,5,None,WSVM,WSVM,1.0,0.0,0.0,0.0,0.98,0.5,"[[343   0]
 [  7   0]]"
1,5,None,own_class_center,lin_center_own,0.9329446064139941,0.42857142857142855,0.6323238116257007,0.18181818181818182,0.9228571428571428,0.6807580174927114,"[[320  23]
 [  4   3]]"
1,5,None,own_class_center,exp,0.9271137026239067,0.2857142857142857,0.5146742944048364,0.11764705882352941,0.9142857142857143,0.6064139941690961,"[[318  25]
 [  5   2]]"
1,5,None,estimated_hyper_lin,lin_center_own,0.924198250728863,0.5714285714285714,0.7267140332557084,0.21621621621621623,0.9171428571428571,0.7478134110787171,"[[317  26]
 [  3   4]]"
1,5,None,estimated_hyper_lin,exp,0.9154518950437318,0.5714285714285714,0.723267148843647,0.2,0.9085714285714286,0.7434402332361516,"[[314  29]
 [  3   4]]"
1,5,None,actual_hyper_lin,lin_center_own,0.760932944606414,0.8571428571428571,0.8076064872411991,0.1263157894736842,0.7628571428571429,0.8090379008746357,"[[261  82]
 [  1   6]]"
1,5,None,actual_hyper_lin,exp,0.9446064139941691,0.42857142857142855,0.6362635619640774,0.20689655172413793,0.9342857142857143,0.6865889212827988,"[[324  19]
 [  4   3]]"
1,5,None,distance_center_own_opposite_tam,func_own_opp_new_v2,0.5306122448979592,1.0,0.7284313590846836,0.07999999999999999,0.54,0.7653061224489796,"[[182 161]
 [  0   7]]"
1,5,1,own_class_center,lin_center_own,0.9533527696793003,0.42857142857142855,0.639202439321054,0.23076923076923078,0.9428571428571428,0.6909620991253644,"[[327  16]
 [  4   3]]"
1,5,2,own_class_center,lin_center_own,0.9737609329446064,0.2857142857142857,0.5274631829926566,0.2222222222222222,0.96,0.629737609329446,"[[334   9]
 [  5   2]]"
1,5,3,own_class_center,lin_center_own,0.9708454810495627,0.2857142857142857,0.526672975533222,0.2105263157894737,0.9571428571428572,0.6282798833819242,"[[333  10]
 [  5   2]]"
1,5,4,own_class_center,lin_center_own,0.9650145772594753,0.2857142857142857,0.525088993072188,0.19047619047619047,0.9514285714285714,0.6253644314868804,"[[331  12]
 [  5   2]]"
1,5,5,own_class_center,lin_center_own,0.9650145772594753,0.2857142857142857,0.525088993072188,0.19047619047619047,0.9514285714285714,0.6253644314868804,"[[331  12]
 [  5   2]]"
1,5,6,own_class_center,lin_center_own,0.9650145772594753,0.2857142857142857,0.525088993072188,0.19047619047619047,0.9514285714285714,0.6253644314868804,"[[331  12]
 [  5   2]]"
1,5,7,own_class_center,lin_center_own,0.9650145772594753,0.2857142857142857,0.525088993072188,0.19047619047619047,0.9514285714285714,0.6253644314868804,"[[331  12]
 [  5   2]]"
1,5,8,own_class_center,lin_center_own,0.9650145772594753,0.2857142857142857,0.525088993072188,0.19047619047619047,0.9514285714285714,0.6253644314868804,"[[331  12]
 [  5   2]]"
1,5,9,own_class_center,lin_center_own,0.9650145772594753,0.2857142857142857,0.525088993072188,0.19047619047619047,0.9514285714285714,0.6253644314868804,"[[331  12]
 [  5   2]]"
1,5,10,own_class_center,lin_center_own,0.9650145772594753,0.2857142857142857,0.525088993072188,0.19047619047619047,0.9514285714285714,0.6253644314868804,"[[331  12]
 [  5   2]]"
1,5,11,own_class_center,lin_center_own,0.9650145772594753,0.2857142857142857,0.525088993072188,0.19047619047619047,0.9514285714285714,0.6253644314868804,"[[331  12]
 [  5   2]]"
1,5,12,own_class_center,lin_center_own,0.9650145772594753,0.2857142857142857,0.525088993072188,0.19047619047619047,0.9514285714285714,0.6253644314868804,"[[331  12]
 [  5   2]]"
1,5,13,own_class_center,lin_center_own,0.9650145772594753,0.2857142857142857,0.525088993072188,0.19047619047619047,0.9514285714285714,0.6253644314868804,"[[331  12]
 [  5   2]]"
1,5,14,own_class_center,lin_center_own,0.9650145772594753,0.2857142857142857,0.525088993072188,0.19047619047619047,0.9514285714285714,0.6253644314868804,"[[331  12]
 [  5   2]]"
1,5,15,own_class_center,lin_center_own,0.9650145772594753,0.2857142857142857,0.525088993072188,0.19047619047619047,0.9514285714285714,0.6253644314868804,"[[331  12]
 [  5   2]]"
1,5,1,own_class_center,exp,0.9416909620991254,0.2857142857142857,0.5187046949852585,0.13793103448275862,0.9285714285714286,0.6137026239067055,"[[323  20]
 [  5   2]]"
1,5,2,own_class_center,exp,0.9329446064139941,0.2857142857142857,0.5162902302315721,0.125,0.92,0.6093294460641399,"[[320  23]
 [  5   2]]"
1,5,3,own_class_center,exp,0.9271137026239067,0.2857142857142857,0.5146742944048364,0.11764705882352941,0.9142857142857143,0.6064139941690961,"[[318  25]
 [  5   2]]"
1,5,4,own_class_center,exp,0.9271137026239067,0.2857142857142857,0.5146742944048364,0.11764705882352941,0.9142857142857143,0.6064139941690961,"[[318  25]
 [  5   2]]"
1,5,5,own_class_center,exp,0.924198250728863,0.2857142857142857,0.5138644208985376,0.1142857142857143,0.9114285714285715,0.6049562682215743,"[[317  26]
 [  5   2]]"
1,5,6,own_class_center,exp,0.9300291545189504,0.2857142857142857,0.5154828955230648,0.12121212121212123,0.9171428571428571,0.607871720116618,"[[319  24]
 [  5   2]]"
1,5,7,own_class_center,exp,0.9300291545189504,0.2857142857142857,0.5154828955230648,0.12121212121212123,0.9171428571428571,0.607871720116618,"[[319  24]
 [  5   2]]"
1,5,8,own_class_center,exp,0.9271137026239067,0.2857142857142857,0.5146742944048364,0.11764705882352941,0.9142857142857143,0.6064139941690961,"[[318  25]
 [  5   2]]"
1,5,9,own_class_center,exp,0.9358600583090378,0.2857142857142857,0.5170963044620378,0.12903225806451613,0.9228571428571428,0.6107871720116618,"[[321  22]
 [  5   2]]"
1,5,10,own_class_center,exp,0.9387755102040817,0.2857142857142857,0.5179011240999805,0.13333333333333333,0.9257142857142857,0.6122448979591836,"[[322  21]
 [  5   2]]"
1,5,11,own_class_center,exp,0.9387755102040817,0.2857142857142857,0.5179011240999805,0.13333333333333333,0.9257142857142857,0.6122448979591836,"[[322  21]
 [  5   2]]"
1,5,12,own_class_center,exp,0.9387755102040817,0.2857142857142857,0.5179011240999805,0.13333333333333333,0.9257142857142857,0.6122448979591836,"[[322  21]
 [  5   2]]"
1,5,13,own_class_center,exp,0.9387755102040817,0.2857142857142857,0.5179011240999805,0.13333333333333333,0.9257142857142857,0.6122448979591836,"[[322  21]
 [  5   2]]"
1,5,14,own_class_center,exp,0.9387755102040817,0.2857142857142857,0.5179011240999805,0.13333333333333333,0.9257142857142857,0.6122448979591836,"[[322  21]
 [  5   2]]"
1,5,15,own_class_center,exp,0.9387755102040817,0.2857142857142857,0.5179011240999805,0.13333333333333333,0.9257142857142857,0.6122448979591836,"[[322  21]
 [  5   2]]"
1,5,1,estimated_hyper_lin,lin_center_own,0.9387755102040817,0.42857142857142855,0.6342967456293899,0.19354838709677416,0.9285714285714286,0.6836734693877552,"[[322  21]
 [  4   3]]"
1,5,2,estimated_hyper_lin,lin_center_own,0.9416909620991254,0.42857142857142855,0.6352809149499339,0.2,0.9314285714285714,0.685131195335277,"[[323  20]
 [  4   3]]"
1,5,3,estimated_hyper_lin,lin_center_own,0.9504373177842566,0.42857142857142855,0.6382243171882404,0.2222222222222222,0.94,0.6895043731778426,"[[326  17]
 [  4   3]]"
1,5,4,estimated_hyper_lin,lin_center_own,0.9708454810495627,0.42857142857142855,0.6450400256848615,0.3,0.96,0.6997084548104956,"[[333  10]
 [  4   3]]"
1,5,5,estimated_hyper_lin,lin_center_own,0.9708454810495627,0.42857142857142855,0.6450400256848615,0.3,0.96,0.6997084548104956,"[[333  10]
 [  4   3]]"
1,5,6,estimated_hyper_lin,lin_center_own,0.9708454810495627,0.42857142857142855,0.6450400256848615,0.3,0.96,0.6997084548104956,"[[333  10]
 [  4   3]]"
1,5,7,estimated_hyper_lin,lin_center_own,0.967930029154519,0.42857142857142855,0.6440707689003877,0.2857142857142857,0.9571428571428572,0.6982507288629738,"[[332  11]
 [  4   3]]"
1,5,8,estimated_hyper_lin,lin_center_own,0.9737609329446064,0.2857142857142857,0.5274631829926566,0.2222222222222222,0.96,0.629737609329446,"[[334   9]
 [  5   2]]"
1,5,9,estimated_hyper_lin,lin_center_own,0.9737609329446064,0.2857142857142857,0.5274631829926566,0.2222222222222222,0.96,0.629737609329446,"[[334   9]
 [  5   2]]"
1,5,10,estimated_hyper_lin,lin_center_own,0.9737609329446064,0.2857142857142857,0.5274631829926566,0.2222222222222222,0.96,0.629737609329446,"[[334   9]
 [  5   2]]"
1,5,11,estimated_hyper_lin,lin_center_own,0.9737609329446064,0.2857142857142857,0.5274631829926566,0.2222222222222222,0.96,0.629737609329446,"[[334   9]
 [  5   2]]"
1,5,12,estimated_hyper_lin,lin_center_own,0.9737609329446064,0.2857142857142857,0.5274631829926566,0.2222222222222222,0.96,0.629737609329446,"[[334   9]
 [  5   2]]"
1,5,13,estimated_hyper_lin,lin_center_own,0.9737609329446064,0.2857142857142857,0.5274631829926566,0.2222222222222222,0.96,0.629737609329446,"[[334   9]
 [  5   2]]"
1,5,14,estimated_hyper_lin,lin_center_own,0.9737609329446064,0.2857142857142857,0.5274631829926566,0.2222222222222222,0.96,0.629737609329446,"[[334   9]
 [  5   2]]"
1,5,15,estimated_hyper_lin,lin_center_own,0.9737609329446064,0.2857142857142857,0.5274631829926566,0.2222222222222222,0.96,0.629737609329446,"[[334   9]
 [  5   2]]"
1,5,1,estimated_hyper_lin,exp,0.9387755102040817,0.42857142857142855,0.6342967456293899,0.19354838709677416,0.9285714285714286,0.6836734693877552,"[[322  21]
 [  4   3]]"
1,5,2,estimated_hyper_lin,exp,0.9475218658892128,0.42857142857142855,0.6372446937141223,0.21428571428571427,0.9371428571428572,0.6880466472303207,"[[325  18]
 [  4   3]]"
1,5,3,estimated_hyper_lin,exp,0.9475218658892128,0.2857142857142857,0.5203081136319168,0.14814814814814817,0.9342857142857143,0.6166180758017492,"[[325  18]
 [  5   2]]"
1,5,4,estimated_hyper_lin,exp,0.9416909620991254,0.2857142857142857,0.5187046949852585,0.13793103448275862,0.9285714285714286,0.6137026239067055,"[[323  20]
 [  5   2]]"
1,5,5,estimated_hyper_lin,exp,0.9446064139941691,0.2857142857142857,0.5195070229125656,0.14285714285714285,0.9314285714285714,0.6151603498542274,"[[324  19]
 [  5   2]]"
1,5,6,estimated_hyper_lin,exp,0.9416909620991254,0.2857142857142857,0.5187046949852585,0.13793103448275862,0.9285714285714286,0.6137026239067055,"[[323  20]
 [  5   2]]"
1,5,7,estimated_hyper_lin,exp,0.9446064139941691,0.2857142857142857,0.5195070229125656,0.14285714285714285,0.9314285714285714,0.6151603498542274,"[[324  19]
 [  5   2]]"
1,5,8,estimated_hyper_lin,exp,0.9475218658892128,0.2857142857142857,0.5203081136319168,0.14814814814814817,0.9342857142857143,0.6166180758017492,"[[325  18]
 [  5   2]]"
1,5,9,estimated_hyper_lin,exp,0.9475218658892128,0.2857142857142857,0.5203081136319168,0.14814814814814817,0.9342857142857143,0.6166180758017492,"[[325  18]
 [  5   2]]"
1,5,10,estimated_hyper_lin,exp,0.9475218658892128,0.2857142857142857,0.5203081136319168,0.14814814814814817,0.9342857142857143,0.6166180758017492,"[[325  18]
 [  5   2]]"
1,5,11,estimated_hyper_lin,exp,0.9475218658892128,0.2857142857142857,0.5203081136319168,0.14814814814814817,0.9342857142857143,0.6166180758017492,"[[325  18]
 [  5   2]]"
1,5,12,estimated_hyper_lin,exp,0.9475218658892128,0.2857142857142857,0.5203081136319168,0.14814814814814817,0.9342857142857143,0.6166180758017492,"[[325  18]
 [  5   2]]"
1,5,13,estimated_hyper_lin,exp,0.9475218658892128,0.2857142857142857,0.5203081136319168,0.14814814814814817,0.9342857142857143,0.6166180758017492,"[[325  18]
 [  5   2]]"
1,5,14,estimated_hyper_lin,exp,0.9475218658892128,0.2857142857142857,0.5203081136319168,0.14814814814814817,0.9342857142857143,0.6166180758017492,"[[325  18]
 [  5   2]]"
1,5,15,estimated_hyper_lin,exp,0.9504373177842566,0.2857142857142857,0.5211079728491308,0.15384615384615385,0.9371428571428572,0.6180758017492711,"[[326  17]
 [  5   2]]"
1,5,1,actual_hyper_lin,lin_center_own,0.7580174927113703,0.8571428571428571,0.8060578635972041,0.12499999999999999,0.76,0.8075801749271139,"[[260  83]
 [  1   6]]"
1,5,2,actual_hyper_lin,lin_center_own,0.5568513119533528,1.0,0.7462247060727437,0.08433734939759036,0.5657142857142857,0.7784256559766763,"[[191 152]
 [  0   7]]"
1,5,3,actual_hyper_lin,lin_center_own,0.5568513119533528,1.0,0.7462247060727437,0.08433734939759036,0.5657142857142857,0.7784256559766763,"[[191 152]
 [  0   7]]"
1,5,4,actual_hyper_lin,lin_center_own,0.5568513119533528,1.0,0.7462247060727437,0.08433734939759036,0.5657142857142857,0.7784256559766763,"[[191 152]
 [  0   7]]"
1,5,5,actual_hyper_lin,lin_center_own,1.0,0.0,0.0,0.0,0.98,0.5,"[[343   0]
 [  7   0]]"
1,5,6,actual_hyper_lin,lin_center_own,1.0,0.0,0.0,0.0,0.98,0.5,"[[343   0]
 [  7   0]]"
1,5,7,actual_hyper_lin,lin_center_own,1.0,0.0,0.0,0.0,0.98,0.5,"[[343   0]
 [  7   0]]"
1,5,8,actual_hyper_lin,lin_center_own,1.0,0.0,0.0,0.0,0.98,0.5,"[[343   0]
 [  7   0]]"
1,5,9,actual_hyper_lin,lin_center_own,0.9970845481049563,0.0,0.0,0.0,0.9771428571428571,0.49854227405247814,"[[342   1]
 [  7   0]]"
1,5,10,actual_hyper_lin,lin_center_own,0.9941690962099126,0.0,0.0,0.0,0.9742857142857143,0.4970845481049563,"[[341   2]
 [  7   0]]"
1,5,11,actual_hyper_lin,lin_center_own,0.9941690962099126,0.0,0.0,0.0,0.9742857142857143,0.4970845481049563,"[[341   2]
 [  7   0]]"
1,5,12,actual_hyper_lin,lin_center_own,0.9883381924198251,0.2857142857142857,0.5313965945425116,0.30769230769230765,0.9742857142857143,0.6370262390670554,"[[339   4]
 [  5   2]]"
1,5,13,actual_hyper_lin,lin_center_own,0.9825072886297376,0.2857142857142857,0.5298267341121293,0.26666666666666666,0.9685714285714285,0.6341107871720115,"[[337   6]
 [  5   2]]"
1,5,14,actual_hyper_lin,lin_center_own,0.9475218658892128,0.2857142857142857,0.5203081136319168,0.14814814814814817,0.9342857142857143,0.6166180758017492,"[[325  18]
 [  5   2]]"
1,5,15,actual_hyper_lin,lin_center_own,0.9533527696793003,0.2857142857142857,0.5219066062263029,0.16,0.94,0.6195335276967929,"[[327  16]
 [  5   2]]"
1,5,1,actual_hyper_lin,exp,0.9446064139941691,0.42857142857142855,0.6362635619640774,0.20689655172413793,0.9342857142857143,0.6865889212827988,"[[324  19]
 [  4   3]]"
1,5,2,actual_hyper_lin,exp,0.9620991253644315,0.5714285714285714,0.7414653928402021,0.3333333333333333,0.9542857142857143,0.7667638483965015,"[[330  13]
 [  3   4]]"
1,5,3,actual_hyper_lin,exp,0.9650145772594753,0.42857142857142855,0.6431000512893359,0.27272727272727276,0.9542857142857143,0.696793002915452,"[[331  12]
 [  4   3]]"
1,5,4,actual_hyper_lin,exp,0.9650145772594753,0.42857142857142855,0.6431000512893359,0.27272727272727276,0.9542857142857143,0.696793002915452,"[[331  12]
 [  4   3]]"
1,5,5,actual_hyper_lin,exp,0.9620991253644315,0.42857142857142855,0.6421278662266234,0.26086956521739124,0.9514285714285714,0.6953352769679302,"[[330  13]
 [  4   3]]"
1,5,6,actual_hyper_lin,exp,0.9620991253644315,0.42857142857142855,0.6421278662266234,0.26086956521739124,0.9514285714285714,0.6953352769679302,"[[330  13]
 [  4   3]]"
1,5,7,actual_hyper_lin,exp,0.9620991253644315,0.42857142857142855,0.6421278662266234,0.26086956521739124,0.9514285714285714,0.6953352769679302,"[[330  13]
 [  4   3]]"
1,5,8,actual_hyper_lin,exp,0.9620991253644315,0.42857142857142855,0.6421278662266234,0.26086956521739124,0.9514285714285714,0.6953352769679302,"[[330  13]
 [  4   3]]"
1,5,9,actual_hyper_lin,exp,0.9620991253644315,0.42857142857142855,0.6421278662266234,0.26086956521739124,0.9514285714285714,0.6953352769679302,"[[330  13]
 [  4   3]]"
1,5,10,actual_hyper_lin,exp,0.9620991253644315,0.42857142857142855,0.6421278662266234,0.26086956521739124,0.9514285714285714,0.6953352769679302,"[[330  13]
 [  4   3]]"
1,5,11,actual_hyper_lin,exp,0.9620991253644315,0.42857142857142855,0.6421278662266234,0.26086956521739124,0.9514285714285714,0.6953352769679302,"[[330  13]
 [  4   3]]"
1,5,12,actual_hyper_lin,exp,0.9620991253644315,0.42857142857142855,0.6421278662266234,0.26086956521739124,0.9514285714285714,0.6953352769679302,"[[330  13]
 [  4   3]]"
1,5,13,actual_hyper_lin,exp,0.9620991253644315,0.42857142857142855,0.6421278662266234,0.26086956521739124,0.9514285714285714,0.6953352769679302,"[[330  13]
 [  4   3]]"
1,5,14,actual_hyper_lin,exp,0.9620991253644315,0.42857142857142855,0.6421278662266234,0.26086956521739124,0.9514285714285714,0.6953352769679302,"[[330  13]
 [  4   3]]"
1,5,15,actual_hyper_lin,exp,0.9620991253644315,0.42857142857142855,0.6421278662266234,0.26086956521739124,0.9514285714285714,0.6953352769679302,"[[330  13]
 [  4   3]]"
1,5,1,distance_center_own_opposite_tam,func_own_opp_new_v2,0.5626822157434402,1.0,0.750121467326086,0.08536585365853658,0.5714285714285714,0.7813411078717201,"[[193 150]
 [  0   7]]"
1,5,2,distance_center_own_opposite_tam,func_own_opp_new_v2,0.5626822157434402,1.0,0.750121467326086,0.08536585365853658,0.5714285714285714,0.7813411078717201,"[[193 150]
 [  0   7]]"
1,5,3,distance_center_own_opposite_tam,func_own_opp_new_v2,0.5247813411078717,1.0,0.7244179326244428,0.0790960451977401,0.5342857142857143,0.7623906705539358,"[[180 163]
 [  0   7]]"
1,5,4,distance_center_own_opposite_tam,func_own_opp_new_v2,0.5714285714285714,1.0,0.7559289460184544,0.08695652173913045,0.58,0.7857142857142857,"[[196 147]
 [  0   7]]"
1,5,5,distance_center_own_opposite_tam,func_own_opp_new_v2,0.5597667638483965,1.0,0.7481756236662596,0.08484848484848485,0.5685714285714286,0.7798833819241983,"[[192 151]
 [  0   7]]"
1,5,6,distance_center_own_opposite_tam,func_own_opp_new_v2,0.5510204081632653,1.0,0.7423074889580902,0.08333333333333333,0.56,0.7755102040816326,"[[189 154]
 [  0   7]]"
1,5,7,distance_center_own_opposite_tam,func_own_opp_new_v2,0.5743440233236151,1.0,0.7578548827602914,0.0875,0.5828571428571429,0.7871720116618076,"[[197 146]
 [  0   7]]"
1,5,8,distance_center_own_opposite_tam,func_own_opp_new_v2,0.5597667638483965,1.0,0.7481756236662596,0.08484848484848485,0.5685714285714286,0.7798833819241983,"[[192 151]
 [  0   7]]"
1,5,9,distance_center_own_opposite_tam,func_own_opp_new_v2,0.5685131195335277,1.0,0.7539980898739251,0.08641975308641975,0.5771428571428572,0.7842565597667639,"[[195 148]
 [  0   7]]"
1,5,10,distance_center_own_opposite_tam,func_own_opp_new_v2,0.5597667638483965,1.0,0.7481756236662596,0.08484848484848485,0.5685714285714286,0.7798833819241983,"[[192 151]
 [  0   7]]"
1,5,11,distance_center_own_opposite_tam,func_own_opp_new_v2,0.5714285714285714,1.0,0.7559289460184544,0.08695652173913045,0.58,0.7857142857142857,"[[196 147]
 [  0   7]]"
1,5,12,distance_center_own_opposite_tam,func_own_opp_new_v2,0.5597667638483965,1.0,0.7481756236662596,0.08484848484848485,0.5685714285714286,0.7798833819241983,"[[192 151]
 [  0   7]]"
1,5,13,distance_center_own_opposite_tam,func_own_opp_new_v2,0.565597667638484,1.0,0.7520622764362562,0.08588957055214723,0.5742857142857143,0.782798833819242,"[[194 149]
 [  0   7]]"
1,5,14,distance_center_own_opposite_tam,func_own_opp_new_v2,0.5626822157434402,1.0,0.750121467326086,0.08536585365853658,0.5714285714285714,0.7813411078717201,"[[193 150]
 [  0   7]]"
1,5,15,distance_center_own_opposite_tam,func_own_opp_new_v2,0.5626822157434402,1.0,0.750121467326086,0.08536585365853658,0.5714285714285714,0.7813411078717201,"[[193 150]
 [  0   7]]"
